{"textures":{"main":"cft:item/dropper/candy_cane","glass":"minecraft:block/glass"},"elements":[{"from":[6,15,7],"to":[7,16,8],"faces":{"north":{"uv":[6,0,7,1],"texture":"#main"},"east":{"uv":[6,0,7,1],"texture":"#main"},"south":{"uv":[6,0,7,1],"texture":"#main"},"west":{"uv":[6,0,7,1],"texture":"#main"},"up":{"uv":[6,0,7,1],"texture":"#main"},"down":{"uv":[6,0,7,1],"texture":"#main"}}},{"from":[7,15,7],"to":[8,16,8],"faces":{"north":{"uv":[7,0,8,1],"texture":"#main"},"east":{"uv":[7,0,8,1],"texture":"#main"},"south":{"uv":[7,0,8,1],"texture":"#main"},"west":{"uv":[7,0,8,1],"texture":"#main"},"up":{"uv":[7,0,8,1],"texture":"#main"},"down":{"uv":[7,0,8,1],"texture":"#main"}}},{"from":[8,15,7],"to":[9,16,8],"faces":{"north":{"uv":[8,0,9,1],"texture":"#main"},"east":{"uv":[8,0,9,1],"texture":"#main"},"south":{"uv":[8,0,9,1],"texture":"#main"},"west":{"uv":[8,0,9,1],"texture":"#main"},"up":{"uv":[8,0,9,1],"texture":"#main"},"down":{"uv":[8,0,9,1],"texture":"#main"}}},{"from":[9,15,7],"to":[10,16,8],"faces":{"north":{"uv":[9,0,10,1],"texture":"#main"},"east":{"uv":[9,0,10,1],"texture":"#main"},"south":{"uv":[9,0,10,1],"texture":"#main"},"west":{"uv":[9,0,10,1],"texture":"#main"},"up":{"uv":[9,0,10,1],"texture":"#main"},"down":{"uv":[9,0,10,1],"texture":"#main"}}},{"from":[10,15,7],"to":[11,16,8],"faces":{"north":{"uv":[10,0,11,1],"texture":"#main"},"east":{"uv":[10,0,11,1],"texture":"#main"},"south":{"uv":[10,0,11,1],"texture":"#main"},"west":{"uv":[10,0,11,1],"texture":"#main"},"up":{"uv":[10,0,11,1],"texture":"#main"},"down":{"uv":[10,0,11,1],"texture":"#main"}}},{"from":[5,14,7],"to":[6,15,8],"faces":{"north":{"uv":[5,1,6,2],"texture":"#main"},"east":{"uv":[5,1,6,2],"texture":"#main"},"south":{"uv":[5,1,6,2],"texture":"#main"},"west":{"uv":[5,1,6,2],"texture":"#main"},"up":{"uv":[5,1,6,2],"texture":"#main"},"down":{"uv":[5,1,6,2],"texture":"#main"}}},{"from":[6,14,7],"to":[7,15,8],"faces":{"north":{"uv":[6,1,7,2],"texture":"#main"},"east":{"uv":[6,1,7,2],"texture":"#main"},"south":{"uv":[6,1,7,2],"texture":"#main"},"west":{"uv":[6,1,7,2],"texture":"#main"},"up":{"uv":[6,1,7,2],"texture":"#main"},"down":{"uv":[6,1,7,2],"texture":"#main"}}},{"from":[7,14,7],"to":[8,15,8],"faces":{"north":{"uv":[7,1,8,2],"texture":"#main"},"east":{"uv":[7,1,8,2],"texture":"#main"},"south":{"uv":[7,1,8,2],"texture":"#main"},"west":{"uv":[7,1,8,2],"texture":"#main"},"up":{"uv":[7,1,8,2],"texture":"#main"},"down":{"uv":[7,1,8,2],"texture":"#main"}}},{"from":[8,14,7],"to":[9,15,8],"faces":{"north":{"uv":[8,1,9,2],"texture":"#main"},"east":{"uv":[8,1,9,2],"texture":"#main"},"south":{"uv":[8,1,9,2],"texture":"#main"},"west":{"uv":[8,1,9,2],"texture":"#main"},"up":{"uv":[8,1,9,2],"texture":"#main"},"down":{"uv":[8,1,9,2],"texture":"#main"}}},{"from":[9,14,7],"to":[10,15,8],"faces":{"north":{"uv":[9,1,10,2],"texture":"#main"},"east":{"uv":[9,1,10,2],"texture":"#main"},"south":{"uv":[9,1,10,2],"texture":"#main"},"west":{"uv":[9,1,10,2],"texture":"#main"},"up":{"uv":[9,1,10,2],"texture":"#main"},"down":{"uv":[9,1,10,2],"texture":"#main"}}},{"from":[10,14,7],"to":[11,15,8],"faces":{"north":{"uv":[10,1,11,2],"texture":"#main"},"east":{"uv":[10,1,11,2],"texture":"#main"},"south":{"uv":[10,1,11,2],"texture":"#main"},"west":{"uv":[10,1,11,2],"texture":"#main"},"up":{"uv":[10,1,11,2],"texture":"#main"},"down":{"uv":[10,1,11,2],"texture":"#main"}}},{"from":[11,14,7],"to":[12,15,8],"faces":{"north":{"uv":[11,1,12,2],"texture":"#main"},"east":{"uv":[11,1,12,2],"texture":"#main"},"south":{"uv":[11,1,12,2],"texture":"#main"},"west":{"uv":[11,1,12,2],"texture":"#main"},"up":{"uv":[11,1,12,2],"texture":"#main"},"down":{"uv":[11,1,12,2],"texture":"#main"}}},{"from":[4,13,7],"to":[5,14,8],"faces":{"north":{"uv":[4,2,5,3],"texture":"#main"},"east":{"uv":[4,2,5,3],"texture":"#main"},"south":{"uv":[4,2,5,3],"texture":"#main"},"west":{"uv":[4,2,5,3],"texture":"#main"},"up":{"uv":[4,2,5,3],"texture":"#main"},"down":{"uv":[4,2,5,3],"texture":"#main"}}},{"from":[5,13,7],"to":[6,14,8],"faces":{"north":{"uv":[5,2,6,3],"texture":"#main"},"east":{"uv":[5,2,6,3],"texture":"#main"},"south":{"uv":[5,2,6,3],"texture":"#main"},"west":{"uv":[5,2,6,3],"texture":"#main"},"up":{"uv":[5,2,6,3],"texture":"#main"},"down":{"uv":[5,2,6,3],"texture":"#main"}}},{"from":[6,13,7],"to":[7,14,8],"faces":{"north":{"uv":[6,2,7,3],"texture":"#main"},"east":{"uv":[6,2,7,3],"texture":"#main"},"south":{"uv":[6,2,7,3],"texture":"#main"},"west":{"uv":[6,2,7,3],"texture":"#main"},"up":{"uv":[6,2,7,3],"texture":"#main"},"down":{"uv":[6,2,7,3],"texture":"#main"}}},{"from":[7,13,7],"to":[8,14,8],"faces":{"north":{"uv":[7,2,8,3],"texture":"#main"},"east":{"uv":[7,2,8,3],"texture":"#main"},"south":{"uv":[7,2,8,3],"texture":"#main"},"west":{"uv":[7,2,8,3],"texture":"#main"},"up":{"uv":[7,2,8,3],"texture":"#main"},"down":{"uv":[7,2,8,3],"texture":"#main"}}},{"from":[8,13,7],"to":[9,14,8],"faces":{"north":{"uv":[8,2,9,3],"texture":"#main"},"east":{"uv":[8,2,9,3],"texture":"#main"},"south":{"uv":[8,2,9,3],"texture":"#main"},"west":{"uv":[8,2,9,3],"texture":"#main"},"up":{"uv":[8,2,9,3],"texture":"#main"},"down":{"uv":[8,2,9,3],"texture":"#main"}}},{"from":[9,13,7],"to":[10,14,8],"faces":{"north":{"uv":[9,2,10,3],"texture":"#main"},"east":{"uv":[9,2,10,3],"texture":"#main"},"south":{"uv":[9,2,10,3],"texture":"#main"},"west":{"uv":[9,2,10,3],"texture":"#main"},"up":{"uv":[9,2,10,3],"texture":"#main"},"down":{"uv":[9,2,10,3],"texture":"#main"}}},{"from":[10,13,7],"to":[11,14,8],"faces":{"north":{"uv":[10,2,11,3],"texture":"#main"},"east":{"uv":[10,2,11,3],"texture":"#main"},"south":{"uv":[10,2,11,3],"texture":"#main"},"west":{"uv":[10,2,11,3],"texture":"#main"},"up":{"uv":[10,2,11,3],"texture":"#main"},"down":{"uv":[10,2,11,3],"texture":"#main"}}},{"from":[11,13,7],"to":[12,14,8],"faces":{"north":{"uv":[11,2,12,3],"texture":"#main"},"east":{"uv":[11,2,12,3],"texture":"#main"},"south":{"uv":[11,2,12,3],"texture":"#main"},"west":{"uv":[11,2,12,3],"texture":"#main"},"up":{"uv":[11,2,12,3],"texture":"#main"},"down":{"uv":[11,2,12,3],"texture":"#main"}}},{"from":[3,12,7],"to":[4,13,8],"faces":{"north":{"uv":[3,3,4,4],"texture":"#main"},"east":{"uv":[3,3,4,4],"texture":"#main"},"south":{"uv":[3,3,4,4],"texture":"#main"},"west":{"uv":[3,3,4,4],"texture":"#main"},"up":{"uv":[3,3,4,4],"texture":"#main"},"down":{"uv":[3,3,4,4],"texture":"#main"}}},{"from":[4,12,7],"to":[5,13,8],"faces":{"north":{"uv":[4,3,5,4],"texture":"#main"},"east":{"uv":[4,3,5,4],"texture":"#main"},"south":{"uv":[4,3,5,4],"texture":"#main"},"west":{"uv":[4,3,5,4],"texture":"#main"},"up":{"uv":[4,3,5,4],"texture":"#main"},"down":{"uv":[4,3,5,4],"texture":"#main"}}},{"from":[5,12,7],"to":[6,13,8],"faces":{"north":{"uv":[5,3,6,4],"texture":"#main"},"east":{"uv":[5,3,6,4],"texture":"#main"},"south":{"uv":[5,3,6,4],"texture":"#main"},"west":{"uv":[5,3,6,4],"texture":"#main"},"up":{"uv":[5,3,6,4],"texture":"#main"},"down":{"uv":[5,3,6,4],"texture":"#main"}}},{"from":[6,12,7],"to":[7,13,8],"faces":{"north":{"uv":[6,3,7,4],"texture":"#main"},"east":{"uv":[6,3,7,4],"texture":"#main"},"south":{"uv":[6,3,7,4],"texture":"#main"},"west":{"uv":[6,3,7,4],"texture":"#main"},"up":{"uv":[6,3,7,4],"texture":"#main"},"down":{"uv":[6,3,7,4],"texture":"#main"}}},{"from":[9,12,7],"to":[10,13,8],"faces":{"north":{"uv":[9,3,10,4],"texture":"#main"},"east":{"uv":[9,3,10,4],"texture":"#main"},"south":{"uv":[9,3,10,4],"texture":"#main"},"west":{"uv":[9,3,10,4],"texture":"#main"},"up":{"uv":[9,3,10,4],"texture":"#main"},"down":{"uv":[9,3,10,4],"texture":"#main"}}},{"from":[10,12,7],"to":[11,13,8],"faces":{"north":{"uv":[10,3,11,4],"texture":"#main"},"east":{"uv":[10,3,11,4],"texture":"#main"},"south":{"uv":[10,3,11,4],"texture":"#main"},"west":{"uv":[10,3,11,4],"texture":"#main"},"up":{"uv":[10,3,11,4],"texture":"#main"},"down":{"uv":[10,3,11,4],"texture":"#main"}}},{"from":[11,12,7],"to":[12,13,8],"faces":{"north":{"uv":[11,3,12,4],"texture":"#main"},"east":{"uv":[11,3,12,4],"texture":"#main"},"south":{"uv":[11,3,12,4],"texture":"#main"},"west":{"uv":[11,3,12,4],"texture":"#main"},"up":{"uv":[11,3,12,4],"texture":"#main"},"down":{"uv":[11,3,12,4],"texture":"#main"}}},{"from":[12,12,7],"to":[13,13,8],"faces":{"north":{"uv":[12,3,13,4],"texture":"#main"},"east":{"uv":[12,3,13,4],"texture":"#main"},"south":{"uv":[12,3,13,4],"texture":"#main"},"west":{"uv":[12,3,13,4],"texture":"#main"},"up":{"uv":[12,3,13,4],"texture":"#main"},"down":{"uv":[12,3,13,4],"texture":"#main"}}},{"from":[3,11,7],"to":[4,12,8],"faces":{"north":{"uv":[3,4,4,5],"texture":"#main"},"east":{"uv":[3,4,4,5],"texture":"#main"},"south":{"uv":[3,4,4,5],"texture":"#main"},"west":{"uv":[3,4,4,5],"texture":"#main"},"up":{"uv":[3,4,4,5],"texture":"#main"},"down":{"uv":[3,4,4,5],"texture":"#main"}}},{"from":[4,11,7],"to":[5,12,8],"faces":{"north":{"uv":[4,4,5,5],"texture":"#main"},"east":{"uv":[4,4,5,5],"texture":"#main"},"south":{"uv":[4,4,5,5],"texture":"#main"},"west":{"uv":[4,4,5,5],"texture":"#main"},"up":{"uv":[4,4,5,5],"texture":"#main"},"down":{"uv":[4,4,5,5],"texture":"#main"}}},{"from":[5,11,7],"to":[6,12,8],"faces":{"north":{"uv":[5,4,6,5],"texture":"#main"},"east":{"uv":[5,4,6,5],"texture":"#main"},"south":{"uv":[5,4,6,5],"texture":"#main"},"west":{"uv":[5,4,6,5],"texture":"#main"},"up":{"uv":[5,4,6,5],"texture":"#main"},"down":{"uv":[5,4,6,5],"texture":"#main"}}},{"from":[6,11,7],"to":[7,12,8],"faces":{"north":{"uv":[6,4,7,5],"texture":"#main"},"east":{"uv":[6,4,7,5],"texture":"#main"},"south":{"uv":[6,4,7,5],"texture":"#main"},"west":{"uv":[6,4,7,5],"texture":"#main"},"up":{"uv":[6,4,7,5],"texture":"#main"},"down":{"uv":[6,4,7,5],"texture":"#main"}}},{"from":[10,11,7],"to":[11,12,8],"faces":{"north":{"uv":[10,4,11,5],"texture":"#main"},"east":{"uv":[10,4,11,5],"texture":"#main"},"south":{"uv":[10,4,11,5],"texture":"#main"},"west":{"uv":[10,4,11,5],"texture":"#main"},"up":{"uv":[10,4,11,5],"texture":"#main"},"down":{"uv":[10,4,11,5],"texture":"#main"}}},{"from":[11,11,7],"to":[12,12,8],"faces":{"north":{"uv":[11,4,12,5],"texture":"#main"},"east":{"uv":[11,4,12,5],"texture":"#main"},"south":{"uv":[11,4,12,5],"texture":"#main"},"west":{"uv":[11,4,12,5],"texture":"#main"},"up":{"uv":[11,4,12,5],"texture":"#main"},"down":{"uv":[11,4,12,5],"texture":"#main"}}},{"from":[12,11,7],"to":[13,12,8],"faces":{"north":{"uv":[12,4,13,5],"texture":"#main"},"east":{"uv":[12,4,13,5],"texture":"#main"},"south":{"uv":[12,4,13,5],"texture":"#main"},"west":{"uv":[12,4,13,5],"texture":"#main"},"up":{"uv":[12,4,13,5],"texture":"#main"},"down":{"uv":[12,4,13,5],"texture":"#main"}}},{"from":[3,10,7],"to":[4,11,8],"faces":{"north":{"uv":[3,5,4,6],"texture":"#main"},"east":{"uv":[3,5,4,6],"texture":"#main"},"south":{"uv":[3,5,4,6],"texture":"#main"},"west":{"uv":[3,5,4,6],"texture":"#main"},"up":{"uv":[3,5,4,6],"texture":"#main"},"down":{"uv":[3,5,4,6],"texture":"#main"}}},{"from":[4,10,7],"to":[5,11,8],"faces":{"north":{"uv":[4,5,5,6],"texture":"#main"},"east":{"uv":[4,5,5,6],"texture":"#main"},"south":{"uv":[4,5,5,6],"texture":"#main"},"west":{"uv":[4,5,5,6],"texture":"#main"},"up":{"uv":[4,5,5,6],"texture":"#main"},"down":{"uv":[4,5,5,6],"texture":"#main"}}},{"from":[6,10,7],"to":[7,11,8],"faces":{"north":{"uv":[6,5,7,6],"texture":"#main"},"east":{"uv":[6,5,7,6],"texture":"#main"},"south":{"uv":[6,5,7,6],"texture":"#main"},"west":{"uv":[6,5,7,6],"texture":"#main"},"up":{"uv":[6,5,7,6],"texture":"#main"},"down":{"uv":[6,5,7,6],"texture":"#main"}}},{"from":[9,10,7],"to":[10,11,8],"faces":{"north":{"uv":[9,5,10,6],"texture":"#main"},"east":{"uv":[9,5,10,6],"texture":"#main"},"south":{"uv":[9,5,10,6],"texture":"#main"},"west":{"uv":[9,5,10,6],"texture":"#main"},"up":{"uv":[9,5,10,6],"texture":"#main"},"down":{"uv":[9,5,10,6],"texture":"#main"}}},{"from":[10,10,7],"to":[11,11,8],"faces":{"north":{"uv":[10,5,11,6],"texture":"#main"},"east":{"uv":[10,5,11,6],"texture":"#main"},"south":{"uv":[10,5,11,6],"texture":"#main"},"west":{"uv":[10,5,11,6],"texture":"#main"},"up":{"uv":[10,5,11,6],"texture":"#main"},"down":{"uv":[10,5,11,6],"texture":"#main"}}},{"from":[11,10,7],"to":[12,11,8],"faces":{"north":{"uv":[11,5,12,6],"texture":"#main"},"east":{"uv":[11,5,12,6],"texture":"#main"},"south":{"uv":[11,5,12,6],"texture":"#main"},"west":{"uv":[11,5,12,6],"texture":"#main"},"up":{"uv":[11,5,12,6],"texture":"#main"},"down":{"uv":[11,5,12,6],"texture":"#main"}}},{"from":[12,10,7],"to":[13,11,8],"faces":{"north":{"uv":[12,5,13,6],"texture":"#main"},"east":{"uv":[12,5,13,6],"texture":"#main"},"south":{"uv":[12,5,13,6],"texture":"#main"},"west":{"uv":[12,5,13,6],"texture":"#main"},"up":{"uv":[12,5,13,6],"texture":"#main"},"down":{"uv":[12,5,13,6],"texture":"#main"}}},{"from":[9,9,7],"to":[10,10,8],"faces":{"north":{"uv":[9,6,10,7],"texture":"#main"},"east":{"uv":[9,6,10,7],"texture":"#main"},"south":{"uv":[9,6,10,7],"texture":"#main"},"west":{"uv":[9,6,10,7],"texture":"#main"},"up":{"uv":[9,6,10,7],"texture":"#main"},"down":{"uv":[9,6,10,7],"texture":"#main"}}},{"from":[10,9,7],"to":[11,10,8],"faces":{"north":{"uv":[10,6,11,7],"texture":"#main"},"east":{"uv":[10,6,11,7],"texture":"#main"},"south":{"uv":[10,6,11,7],"texture":"#main"},"west":{"uv":[10,6,11,7],"texture":"#main"},"up":{"uv":[10,6,11,7],"texture":"#main"},"down":{"uv":[10,6,11,7],"texture":"#main"}}},{"from":[11,9,7],"to":[12,10,8],"faces":{"north":{"uv":[11,6,12,7],"texture":"#main"},"east":{"uv":[11,6,12,7],"texture":"#main"},"south":{"uv":[11,6,12,7],"texture":"#main"},"west":{"uv":[11,6,12,7],"texture":"#main"},"up":{"uv":[11,6,12,7],"texture":"#main"},"down":{"uv":[11,6,12,7],"texture":"#main"}}},{"from":[8,8,7],"to":[9,9,8],"faces":{"north":{"uv":[8,7,9,8],"texture":"#main"},"east":{"uv":[8,7,9,8],"texture":"#main"},"south":{"uv":[8,7,9,8],"texture":"#main"},"west":{"uv":[8,7,9,8],"texture":"#main"},"up":{"uv":[8,7,9,8],"texture":"#main"},"down":{"uv":[8,7,9,8],"texture":"#main"}}},{"from":[9,8,7],"to":[10,9,8],"faces":{"north":{"uv":[9,7,10,8],"texture":"#main"},"east":{"uv":[9,7,10,8],"texture":"#main"},"south":{"uv":[9,7,10,8],"texture":"#main"},"west":{"uv":[9,7,10,8],"texture":"#main"},"up":{"uv":[9,7,10,8],"texture":"#main"},"down":{"uv":[9,7,10,8],"texture":"#main"}}},{"from":[10,8,7],"to":[11,9,8],"faces":{"north":{"uv":[10,7,11,8],"texture":"#main"},"east":{"uv":[10,7,11,8],"texture":"#main"},"south":{"uv":[10,7,11,8],"texture":"#main"},"west":{"uv":[10,7,11,8],"texture":"#main"},"up":{"uv":[10,7,11,8],"texture":"#main"},"down":{"uv":[10,7,11,8],"texture":"#main"}}},{"from":[11,8,7],"to":[12,9,8],"faces":{"north":{"uv":[11,7,12,8],"texture":"#main"},"east":{"uv":[11,7,12,8],"texture":"#main"},"south":{"uv":[11,7,12,8],"texture":"#main"},"west":{"uv":[11,7,12,8],"texture":"#main"},"up":{"uv":[11,7,12,8],"texture":"#main"},"down":{"uv":[11,7,12,8],"texture":"#main"}}},{"from":[7,7,7],"to":[8,8,8],"faces":{"north":{"uv":[7,8,8,9],"texture":"#main"},"east":{"uv":[7,8,8,9],"texture":"#main"},"south":{"uv":[7,8,8,9],"texture":"#main"},"west":{"uv":[7,8,8,9],"texture":"#main"},"up":{"uv":[7,8,8,9],"texture":"#main"},"down":{"uv":[7,8,8,9],"texture":"#main"}}},{"from":[8,7,7],"to":[9,8,8],"faces":{"north":{"uv":[8,8,9,9],"texture":"#main"},"east":{"uv":[8,8,9,9],"texture":"#main"},"south":{"uv":[8,8,9,9],"texture":"#main"},"west":{"uv":[8,8,9,9],"texture":"#main"},"up":{"uv":[8,8,9,9],"texture":"#main"},"down":{"uv":[8,8,9,9],"texture":"#main"}}},{"from":[9,7,7],"to":[10,8,8],"faces":{"north":{"uv":[9,8,10,9],"texture":"#main"},"east":{"uv":[9,8,10,9],"texture":"#main"},"south":{"uv":[9,8,10,9],"texture":"#main"},"west":{"uv":[9,8,10,9],"texture":"#main"},"up":{"uv":[9,8,10,9],"texture":"#main"},"down":{"uv":[9,8,10,9],"texture":"#main"}}},{"from":[10,7,7],"to":[11,8,8],"faces":{"north":{"uv":[10,8,11,9],"texture":"#main"},"east":{"uv":[10,8,11,9],"texture":"#main"},"south":{"uv":[10,8,11,9],"texture":"#main"},"west":{"uv":[10,8,11,9],"texture":"#main"},"up":{"uv":[10,8,11,9],"texture":"#main"},"down":{"uv":[10,8,11,9],"texture":"#main"}}},{"from":[6,6,7],"to":[7,7,8],"faces":{"north":{"uv":[6,9,7,10],"texture":"#main"},"east":{"uv":[6,9,7,10],"texture":"#main"},"south":{"uv":[6,9,7,10],"texture":"#main"},"west":{"uv":[6,9,7,10],"texture":"#main"},"up":{"uv":[6,9,7,10],"texture":"#main"},"down":{"uv":[6,9,7,10],"texture":"#main"}}},{"from":[7,6,7],"to":[8,7,8],"faces":{"north":{"uv":[7,9,8,10],"texture":"#main"},"east":{"uv":[7,9,8,10],"texture":"#main"},"south":{"uv":[7,9,8,10],"texture":"#main"},"west":{"uv":[7,9,8,10],"texture":"#main"},"up":{"uv":[7,9,8,10],"texture":"#main"},"down":{"uv":[7,9,8,10],"texture":"#main"}}},{"from":[8,6,7],"to":[9,7,8],"faces":{"north":{"uv":[8,9,9,10],"texture":"#main"},"east":{"uv":[8,9,9,10],"texture":"#main"},"south":{"uv":[8,9,9,10],"texture":"#main"},"west":{"uv":[8,9,9,10],"texture":"#main"},"up":{"uv":[8,9,9,10],"texture":"#main"},"down":{"uv":[8,9,9,10],"texture":"#main"}}},{"from":[9,6,7],"to":[10,7,8],"faces":{"north":{"uv":[9,9,10,10],"texture":"#main"},"east":{"uv":[9,9,10,10],"texture":"#main"},"south":{"uv":[9,9,10,10],"texture":"#main"},"west":{"uv":[9,9,10,10],"texture":"#main"},"up":{"uv":[9,9,10,10],"texture":"#main"},"down":{"uv":[9,9,10,10],"texture":"#main"}}},{"from":[5,5,7],"to":[6,6,8],"faces":{"north":{"uv":[5,10,6,11],"texture":"#main"},"east":{"uv":[5,10,6,11],"texture":"#main"},"south":{"uv":[5,10,6,11],"texture":"#main"},"west":{"uv":[5,10,6,11],"texture":"#main"},"up":{"uv":[5,10,6,11],"texture":"#main"},"down":{"uv":[5,10,6,11],"texture":"#main"}}},{"from":[6,5,7],"to":[7,6,8],"faces":{"north":{"uv":[6,10,7,11],"texture":"#main"},"east":{"uv":[6,10,7,11],"texture":"#main"},"south":{"uv":[6,10,7,11],"texture":"#main"},"west":{"uv":[6,10,7,11],"texture":"#main"},"up":{"uv":[6,10,7,11],"texture":"#main"},"down":{"uv":[6,10,7,11],"texture":"#main"}}},{"from":[7,5,7],"to":[8,6,8],"faces":{"north":{"uv":[7,10,8,11],"texture":"#main"},"east":{"uv":[7,10,8,11],"texture":"#main"},"south":{"uv":[7,10,8,11],"texture":"#main"},"west":{"uv":[7,10,8,11],"texture":"#main"},"up":{"uv":[7,10,8,11],"texture":"#main"},"down":{"uv":[7,10,8,11],"texture":"#main"}}},{"from":[8,5,7],"to":[9,6,8],"faces":{"north":{"uv":[8,10,9,11],"texture":"#main"},"east":{"uv":[8,10,9,11],"texture":"#main"},"south":{"uv":[8,10,9,11],"texture":"#main"},"west":{"uv":[8,10,9,11],"texture":"#main"},"up":{"uv":[8,10,9,11],"texture":"#main"},"down":{"uv":[8,10,9,11],"texture":"#main"}}},{"from":[4,4,7],"to":[5,5,8],"faces":{"north":{"uv":[4,11,5,12],"texture":"#main"},"east":{"uv":[4,11,5,12],"texture":"#main"},"south":{"uv":[4,11,5,12],"texture":"#main"},"west":{"uv":[4,11,5,12],"texture":"#main"},"up":{"uv":[4,11,5,12],"texture":"#main"},"down":{"uv":[4,11,5,12],"texture":"#main"}}},{"from":[5,4,7],"to":[6,5,8],"faces":{"north":{"uv":[5,11,6,12],"texture":"#main"},"east":{"uv":[5,11,6,12],"texture":"#main"},"south":{"uv":[5,11,6,12],"texture":"#main"},"west":{"uv":[5,11,6,12],"texture":"#main"},"up":{"uv":[5,11,6,12],"texture":"#main"},"down":{"uv":[5,11,6,12],"texture":"#main"}}},{"from":[6,4,7],"to":[7,5,8],"faces":{"north":{"uv":[6,11,7,12],"texture":"#main"},"east":{"uv":[6,11,7,12],"texture":"#main"},"south":{"uv":[6,11,7,12],"texture":"#main"},"west":{"uv":[6,11,7,12],"texture":"#main"},"up":{"uv":[6,11,7,12],"texture":"#main"},"down":{"uv":[6,11,7,12],"texture":"#main"}}},{"from":[7,4,7],"to":[8,5,8],"faces":{"north":{"uv":[7,11,8,12],"texture":"#main"},"east":{"uv":[7,11,8,12],"texture":"#main"},"south":{"uv":[7,11,8,12],"texture":"#main"},"west":{"uv":[7,11,8,12],"texture":"#main"},"up":{"uv":[7,11,8,12],"texture":"#main"},"down":{"uv":[7,11,8,12],"texture":"#main"}}},{"from":[3,3,7],"to":[4,4,8],"faces":{"north":{"uv":[3,12,4,13],"texture":"#main"},"east":{"uv":[3,12,4,13],"texture":"#main"},"south":{"uv":[3,12,4,13],"texture":"#main"},"west":{"uv":[3,12,4,13],"texture":"#main"},"up":{"uv":[3,12,4,13],"texture":"#main"},"down":{"uv":[3,12,4,13],"texture":"#main"}}},{"from":[4,3,7],"to":[5,4,8],"faces":{"north":{"uv":[4,12,5,13],"texture":"#main"},"east":{"uv":[4,12,5,13],"texture":"#main"},"south":{"uv":[4,12,5,13],"texture":"#main"},"west":{"uv":[4,12,5,13],"texture":"#main"},"up":{"uv":[4,12,5,13],"texture":"#main"},"down":{"uv":[4,12,5,13],"texture":"#main"}}},{"from":[5,3,7],"to":[6,4,8],"faces":{"north":{"uv":[5,12,6,13],"texture":"#main"},"east":{"uv":[5,12,6,13],"texture":"#main"},"south":{"uv":[5,12,6,13],"texture":"#main"},"west":{"uv":[5,12,6,13],"texture":"#main"},"up":{"uv":[5,12,6,13],"texture":"#main"},"down":{"uv":[5,12,6,13],"texture":"#main"}}},{"from":[6,3,7],"to":[7,4,8],"faces":{"north":{"uv":[6,12,7,13],"texture":"#main"},"east":{"uv":[6,12,7,13],"texture":"#main"},"south":{"uv":[6,12,7,13],"texture":"#main"},"west":{"uv":[6,12,7,13],"texture":"#main"},"up":{"uv":[6,12,7,13],"texture":"#main"},"down":{"uv":[6,12,7,13],"texture":"#main"}}},{"from":[4,2,7],"to":[5,3,8],"faces":{"north":{"uv":[4,13,5,14],"texture":"#main"},"east":{"uv":[4,13,5,14],"texture":"#main"},"south":{"uv":[4,13,5,14],"texture":"#main"},"west":{"uv":[4,13,5,14],"texture":"#main"},"up":{"uv":[4,13,5,14],"texture":"#main"},"down":{"uv":[4,13,5,14],"texture":"#main"}}},{"from":[5,2,7],"to":[6,3,8],"faces":{"north":{"uv":[5,13,6,14],"texture":"#main"},"east":{"uv":[5,13,6,14],"texture":"#main"},"south":{"uv":[5,13,6,14],"texture":"#main"},"west":{"uv":[5,13,6,14],"texture":"#main"},"up":{"uv":[5,13,6,14],"texture":"#main"},"down":{"uv":[5,13,6,14],"texture":"#main"}}},{"from":[-0.2,-0.2,-0.2],"to":[16.2,16.2,16.2],"faces":{"north":{"uv":[0,0,16,16],"texture":"#glass"},"east":{"uv":[0,0,16,16],"texture":"#glass"},"south":{"uv":[0,0,16,16],"texture":"#glass"},"west":{"uv":[0,0,16,16],"texture":"#glass"},"up":{"uv":[0,0,16,16],"texture":"#glass"},"down":{"uv":[0,0,16,16],"texture":"#glass"}}}],"display":{"ground":{"rotation":[0,0,0],"translation":[0,2,0],"scale":[0.5,0.5,0.5]},"head":{"rotation":[0,180,0],"translation":[0,13,7],"scale":[1,1,1]},"thirdperson_righthand":{"rotation":[0,0,0],"translation":[0,3,1],"scale":[0.55,0.55,0.55]},"firstperson_righthand":{"rotation":[0,-90,25],"translation":[1.13,3.2,1.13],"scale":[0.68,0.68,0.68]},"fixed":{"rotation":[0,180,0],"scale":[1,1,1]}}}