{"textures":{"main":"cft:item/dropper/tootsie_roll","glass":"minecraft:block/glass"},"elements":[{"from":[1,10,7],"to":[2,11,8],"faces":{"north":{"uv":[1,5,2,6],"texture":"#main"},"east":{"uv":[1,5,2,6],"texture":"#main"},"south":{"uv":[1,5,2,6],"texture":"#main"},"west":{"uv":[1,5,2,6],"texture":"#main"},"up":{"uv":[1,5,2,6],"texture":"#main"},"down":{"uv":[1,5,2,6],"texture":"#main"}}},{"from":[2,10,7],"to":[3,11,8],"faces":{"north":{"uv":[2,5,3,6],"texture":"#main"},"east":{"uv":[2,5,3,6],"texture":"#main"},"south":{"uv":[2,5,3,6],"texture":"#main"},"west":{"uv":[2,5,3,6],"texture":"#main"},"up":{"uv":[2,5,3,6],"texture":"#main"},"down":{"uv":[2,5,3,6],"texture":"#main"}}},{"from":[3,10,7],"to":[4,11,8],"faces":{"north":{"uv":[3,5,4,6],"texture":"#main"},"east":{"uv":[3,5,4,6],"texture":"#main"},"south":{"uv":[3,5,4,6],"texture":"#main"},"west":{"uv":[3,5,4,6],"texture":"#main"},"up":{"uv":[3,5,4,6],"texture":"#main"},"down":{"uv":[3,5,4,6],"texture":"#main"}}},{"from":[4,10,7],"to":[5,11,8],"faces":{"north":{"uv":[4,5,5,6],"texture":"#main"},"east":{"uv":[4,5,5,6],"texture":"#main"},"south":{"uv":[4,5,5,6],"texture":"#main"},"west":{"uv":[4,5,5,6],"texture":"#main"},"up":{"uv":[4,5,5,6],"texture":"#main"},"down":{"uv":[4,5,5,6],"texture":"#main"}}},{"from":[5,10,7],"to":[6,11,8],"faces":{"north":{"uv":[5,5,6,6],"texture":"#main"},"east":{"uv":[5,5,6,6],"texture":"#main"},"south":{"uv":[5,5,6,6],"texture":"#main"},"west":{"uv":[5,5,6,6],"texture":"#main"},"up":{"uv":[5,5,6,6],"texture":"#main"},"down":{"uv":[5,5,6,6],"texture":"#main"}}},{"from":[6,10,7],"to":[7,11,8],"faces":{"north":{"uv":[6,5,7,6],"texture":"#main"},"east":{"uv":[6,5,7,6],"texture":"#main"},"south":{"uv":[6,5,7,6],"texture":"#main"},"west":{"uv":[6,5,7,6],"texture":"#main"},"up":{"uv":[6,5,7,6],"texture":"#main"},"down":{"uv":[6,5,7,6],"texture":"#main"}}},{"from":[7,10,7],"to":[8,11,8],"faces":{"north":{"uv":[7,5,8,6],"texture":"#main"},"east":{"uv":[7,5,8,6],"texture":"#main"},"south":{"uv":[7,5,8,6],"texture":"#main"},"west":{"uv":[7,5,8,6],"texture":"#main"},"up":{"uv":[7,5,8,6],"texture":"#main"},"down":{"uv":[7,5,8,6],"texture":"#main"}}},{"from":[8,10,7],"to":[9,11,8],"faces":{"north":{"uv":[8,5,9,6],"texture":"#main"},"east":{"uv":[8,5,9,6],"texture":"#main"},"south":{"uv":[8,5,9,6],"texture":"#main"},"west":{"uv":[8,5,9,6],"texture":"#main"},"up":{"uv":[8,5,9,6],"texture":"#main"},"down":{"uv":[8,5,9,6],"texture":"#main"}}},{"from":[9,10,7],"to":[10,11,8],"faces":{"north":{"uv":[9,5,10,6],"texture":"#main"},"east":{"uv":[9,5,10,6],"texture":"#main"},"south":{"uv":[9,5,10,6],"texture":"#main"},"west":{"uv":[9,5,10,6],"texture":"#main"},"up":{"uv":[9,5,10,6],"texture":"#main"},"down":{"uv":[9,5,10,6],"texture":"#main"}}},{"from":[10,10,7],"to":[11,11,8],"faces":{"north":{"uv":[10,5,11,6],"texture":"#main"},"east":{"uv":[10,5,11,6],"texture":"#main"},"south":{"uv":[10,5,11,6],"texture":"#main"},"west":{"uv":[10,5,11,6],"texture":"#main"},"up":{"uv":[10,5,11,6],"texture":"#main"},"down":{"uv":[10,5,11,6],"texture":"#main"}}},{"from":[11,10,7],"to":[12,11,8],"faces":{"north":{"uv":[11,5,12,6],"texture":"#main"},"east":{"uv":[11,5,12,6],"texture":"#main"},"south":{"uv":[11,5,12,6],"texture":"#main"},"west":{"uv":[11,5,12,6],"texture":"#main"},"up":{"uv":[11,5,12,6],"texture":"#main"},"down":{"uv":[11,5,12,6],"texture":"#main"}}},{"from":[12,10,7],"to":[13,11,8],"faces":{"north":{"uv":[12,5,13,6],"texture":"#main"},"east":{"uv":[12,5,13,6],"texture":"#main"},"south":{"uv":[12,5,13,6],"texture":"#main"},"west":{"uv":[12,5,13,6],"texture":"#main"},"up":{"uv":[12,5,13,6],"texture":"#main"},"down":{"uv":[12,5,13,6],"texture":"#main"}}},{"from":[13,10,7],"to":[14,11,8],"faces":{"north":{"uv":[13,5,14,6],"texture":"#main"},"east":{"uv":[13,5,14,6],"texture":"#main"},"south":{"uv":[13,5,14,6],"texture":"#main"},"west":{"uv":[13,5,14,6],"texture":"#main"},"up":{"uv":[13,5,14,6],"texture":"#main"},"down":{"uv":[13,5,14,6],"texture":"#main"}}},{"from":[14,10,7],"to":[15,11,8],"faces":{"north":{"uv":[14,5,15,6],"texture":"#main"},"east":{"uv":[14,5,15,6],"texture":"#main"},"south":{"uv":[14,5,15,6],"texture":"#main"},"west":{"uv":[14,5,15,6],"texture":"#main"},"up":{"uv":[14,5,15,6],"texture":"#main"},"down":{"uv":[14,5,15,6],"texture":"#main"}}},{"from":[1,9,7],"to":[2,10,8],"faces":{"north":{"uv":[1,6,2,7],"texture":"#main"},"east":{"uv":[1,6,2,7],"texture":"#main"},"south":{"uv":[1,6,2,7],"texture":"#main"},"west":{"uv":[1,6,2,7],"texture":"#main"},"up":{"uv":[1,6,2,7],"texture":"#main"},"down":{"uv":[1,6,2,7],"texture":"#main"}}},{"from":[2,9,7],"to":[3,10,8],"faces":{"north":{"uv":[2,6,3,7],"texture":"#main"},"east":{"uv":[2,6,3,7],"texture":"#main"},"south":{"uv":[2,6,3,7],"texture":"#main"},"west":{"uv":[2,6,3,7],"texture":"#main"},"up":{"uv":[2,6,3,7],"texture":"#main"},"down":{"uv":[2,6,3,7],"texture":"#main"}}},{"from":[3,9,7],"to":[4,10,8],"faces":{"north":{"uv":[3,6,4,7],"texture":"#main"},"east":{"uv":[3,6,4,7],"texture":"#main"},"south":{"uv":[3,6,4,7],"texture":"#main"},"west":{"uv":[3,6,4,7],"texture":"#main"},"up":{"uv":[3,6,4,7],"texture":"#main"},"down":{"uv":[3,6,4,7],"texture":"#main"}}},{"from":[4,9,7],"to":[5,10,8],"faces":{"north":{"uv":[4,6,5,7],"texture":"#main"},"east":{"uv":[4,6,5,7],"texture":"#main"},"south":{"uv":[4,6,5,7],"texture":"#main"},"west":{"uv":[4,6,5,7],"texture":"#main"},"up":{"uv":[4,6,5,7],"texture":"#main"},"down":{"uv":[4,6,5,7],"texture":"#main"}}},{"from":[5,9,7],"to":[6,10,8],"faces":{"north":{"uv":[5,6,6,7],"texture":"#main"},"east":{"uv":[5,6,6,7],"texture":"#main"},"south":{"uv":[5,6,6,7],"texture":"#main"},"west":{"uv":[5,6,6,7],"texture":"#main"},"up":{"uv":[5,6,6,7],"texture":"#main"},"down":{"uv":[5,6,6,7],"texture":"#main"}}},{"from":[6,9,7],"to":[7,10,8],"faces":{"north":{"uv":[6,6,7,7],"texture":"#main"},"east":{"uv":[6,6,7,7],"texture":"#main"},"south":{"uv":[6,6,7,7],"texture":"#main"},"west":{"uv":[6,6,7,7],"texture":"#main"},"up":{"uv":[6,6,7,7],"texture":"#main"},"down":{"uv":[6,6,7,7],"texture":"#main"}}},{"from":[7,9,7],"to":[8,10,8],"faces":{"north":{"uv":[7,6,8,7],"texture":"#main"},"east":{"uv":[7,6,8,7],"texture":"#main"},"south":{"uv":[7,6,8,7],"texture":"#main"},"west":{"uv":[7,6,8,7],"texture":"#main"},"up":{"uv":[7,6,8,7],"texture":"#main"},"down":{"uv":[7,6,8,7],"texture":"#main"}}},{"from":[8,9,7],"to":[9,10,8],"faces":{"north":{"uv":[8,6,9,7],"texture":"#main"},"east":{"uv":[8,6,9,7],"texture":"#main"},"south":{"uv":[8,6,9,7],"texture":"#main"},"west":{"uv":[8,6,9,7],"texture":"#main"},"up":{"uv":[8,6,9,7],"texture":"#main"},"down":{"uv":[8,6,9,7],"texture":"#main"}}},{"from":[9,9,7],"to":[10,10,8],"faces":{"north":{"uv":[9,6,10,7],"texture":"#main"},"east":{"uv":[9,6,10,7],"texture":"#main"},"south":{"uv":[9,6,10,7],"texture":"#main"},"west":{"uv":[9,6,10,7],"texture":"#main"},"up":{"uv":[9,6,10,7],"texture":"#main"},"down":{"uv":[9,6,10,7],"texture":"#main"}}},{"from":[10,9,7],"to":[11,10,8],"faces":{"north":{"uv":[10,6,11,7],"texture":"#main"},"east":{"uv":[10,6,11,7],"texture":"#main"},"south":{"uv":[10,6,11,7],"texture":"#main"},"west":{"uv":[10,6,11,7],"texture":"#main"},"up":{"uv":[10,6,11,7],"texture":"#main"},"down":{"uv":[10,6,11,7],"texture":"#main"}}},{"from":[11,9,7],"to":[12,10,8],"faces":{"north":{"uv":[11,6,12,7],"texture":"#main"},"east":{"uv":[11,6,12,7],"texture":"#main"},"south":{"uv":[11,6,12,7],"texture":"#main"},"west":{"uv":[11,6,12,7],"texture":"#main"},"up":{"uv":[11,6,12,7],"texture":"#main"},"down":{"uv":[11,6,12,7],"texture":"#main"}}},{"from":[12,9,7],"to":[13,10,8],"faces":{"north":{"uv":[12,6,13,7],"texture":"#main"},"east":{"uv":[12,6,13,7],"texture":"#main"},"south":{"uv":[12,6,13,7],"texture":"#main"},"west":{"uv":[12,6,13,7],"texture":"#main"},"up":{"uv":[12,6,13,7],"texture":"#main"},"down":{"uv":[12,6,13,7],"texture":"#main"}}},{"from":[13,9,7],"to":[14,10,8],"faces":{"north":{"uv":[13,6,14,7],"texture":"#main"},"east":{"uv":[13,6,14,7],"texture":"#main"},"south":{"uv":[13,6,14,7],"texture":"#main"},"west":{"uv":[13,6,14,7],"texture":"#main"},"up":{"uv":[13,6,14,7],"texture":"#main"},"down":{"uv":[13,6,14,7],"texture":"#main"}}},{"from":[14,9,7],"to":[15,10,8],"faces":{"north":{"uv":[14,6,15,7],"texture":"#main"},"east":{"uv":[14,6,15,7],"texture":"#main"},"south":{"uv":[14,6,15,7],"texture":"#main"},"west":{"uv":[14,6,15,7],"texture":"#main"},"up":{"uv":[14,6,15,7],"texture":"#main"},"down":{"uv":[14,6,15,7],"texture":"#main"}}},{"from":[1,8,7],"to":[2,9,8],"faces":{"north":{"uv":[1,7,2,8],"texture":"#main"},"east":{"uv":[1,7,2,8],"texture":"#main"},"south":{"uv":[1,7,2,8],"texture":"#main"},"west":{"uv":[1,7,2,8],"texture":"#main"},"up":{"uv":[1,7,2,8],"texture":"#main"},"down":{"uv":[1,7,2,8],"texture":"#main"}}},{"from":[2,8,7],"to":[3,9,8],"faces":{"north":{"uv":[2,7,3,8],"texture":"#main"},"east":{"uv":[2,7,3,8],"texture":"#main"},"south":{"uv":[2,7,3,8],"texture":"#main"},"west":{"uv":[2,7,3,8],"texture":"#main"},"up":{"uv":[2,7,3,8],"texture":"#main"},"down":{"uv":[2,7,3,8],"texture":"#main"}}},{"from":[3,8,7],"to":[4,9,8],"faces":{"north":{"uv":[3,7,4,8],"texture":"#main"},"east":{"uv":[3,7,4,8],"texture":"#main"},"south":{"uv":[3,7,4,8],"texture":"#main"},"west":{"uv":[3,7,4,8],"texture":"#main"},"up":{"uv":[3,7,4,8],"texture":"#main"},"down":{"uv":[3,7,4,8],"texture":"#main"}}},{"from":[4,8,7],"to":[5,9,8],"faces":{"north":{"uv":[4,7,5,8],"texture":"#main"},"east":{"uv":[4,7,5,8],"texture":"#main"},"south":{"uv":[4,7,5,8],"texture":"#main"},"west":{"uv":[4,7,5,8],"texture":"#main"},"up":{"uv":[4,7,5,8],"texture":"#main"},"down":{"uv":[4,7,5,8],"texture":"#main"}}},{"from":[5,8,7],"to":[6,9,8],"faces":{"north":{"uv":[5,7,6,8],"texture":"#main"},"east":{"uv":[5,7,6,8],"texture":"#main"},"south":{"uv":[5,7,6,8],"texture":"#main"},"west":{"uv":[5,7,6,8],"texture":"#main"},"up":{"uv":[5,7,6,8],"texture":"#main"},"down":{"uv":[5,7,6,8],"texture":"#main"}}},{"from":[6,8,7],"to":[7,9,8],"faces":{"north":{"uv":[6,7,7,8],"texture":"#main"},"east":{"uv":[6,7,7,8],"texture":"#main"},"south":{"uv":[6,7,7,8],"texture":"#main"},"west":{"uv":[6,7,7,8],"texture":"#main"},"up":{"uv":[6,7,7,8],"texture":"#main"},"down":{"uv":[6,7,7,8],"texture":"#main"}}},{"from":[7,8,7],"to":[8,9,8],"faces":{"north":{"uv":[7,7,8,8],"texture":"#main"},"east":{"uv":[7,7,8,8],"texture":"#main"},"south":{"uv":[7,7,8,8],"texture":"#main"},"west":{"uv":[7,7,8,8],"texture":"#main"},"up":{"uv":[7,7,8,8],"texture":"#main"},"down":{"uv":[7,7,8,8],"texture":"#main"}}},{"from":[8,8,7],"to":[9,9,8],"faces":{"north":{"uv":[8,7,9,8],"texture":"#main"},"east":{"uv":[8,7,9,8],"texture":"#main"},"south":{"uv":[8,7,9,8],"texture":"#main"},"west":{"uv":[8,7,9,8],"texture":"#main"},"up":{"uv":[8,7,9,8],"texture":"#main"},"down":{"uv":[8,7,9,8],"texture":"#main"}}},{"from":[9,8,7],"to":[10,9,8],"faces":{"north":{"uv":[9,7,10,8],"texture":"#main"},"east":{"uv":[9,7,10,8],"texture":"#main"},"south":{"uv":[9,7,10,8],"texture":"#main"},"west":{"uv":[9,7,10,8],"texture":"#main"},"up":{"uv":[9,7,10,8],"texture":"#main"},"down":{"uv":[9,7,10,8],"texture":"#main"}}},{"from":[10,8,7],"to":[11,9,8],"faces":{"north":{"uv":[10,7,11,8],"texture":"#main"},"east":{"uv":[10,7,11,8],"texture":"#main"},"south":{"uv":[10,7,11,8],"texture":"#main"},"west":{"uv":[10,7,11,8],"texture":"#main"},"up":{"uv":[10,7,11,8],"texture":"#main"},"down":{"uv":[10,7,11,8],"texture":"#main"}}},{"from":[11,8,7],"to":[12,9,8],"faces":{"north":{"uv":[11,7,12,8],"texture":"#main"},"east":{"uv":[11,7,12,8],"texture":"#main"},"south":{"uv":[11,7,12,8],"texture":"#main"},"west":{"uv":[11,7,12,8],"texture":"#main"},"up":{"uv":[11,7,12,8],"texture":"#main"},"down":{"uv":[11,7,12,8],"texture":"#main"}}},{"from":[12,8,7],"to":[13,9,8],"faces":{"north":{"uv":[12,7,13,8],"texture":"#main"},"east":{"uv":[12,7,13,8],"texture":"#main"},"south":{"uv":[12,7,13,8],"texture":"#main"},"west":{"uv":[12,7,13,8],"texture":"#main"},"up":{"uv":[12,7,13,8],"texture":"#main"},"down":{"uv":[12,7,13,8],"texture":"#main"}}},{"from":[13,8,7],"to":[14,9,8],"faces":{"north":{"uv":[13,7,14,8],"texture":"#main"},"east":{"uv":[13,7,14,8],"texture":"#main"},"south":{"uv":[13,7,14,8],"texture":"#main"},"west":{"uv":[13,7,14,8],"texture":"#main"},"up":{"uv":[13,7,14,8],"texture":"#main"},"down":{"uv":[13,7,14,8],"texture":"#main"}}},{"from":[14,8,7],"to":[15,9,8],"faces":{"north":{"uv":[14,7,15,8],"texture":"#main"},"east":{"uv":[14,7,15,8],"texture":"#main"},"south":{"uv":[14,7,15,8],"texture":"#main"},"west":{"uv":[14,7,15,8],"texture":"#main"},"up":{"uv":[14,7,15,8],"texture":"#main"},"down":{"uv":[14,7,15,8],"texture":"#main"}}},{"from":[-0.2,-0.2,-0.2],"to":[16.2,16.2,16.2],"faces":{"north":{"uv":[0,0,16,16],"texture":"#glass"},"east":{"uv":[0,0,16,16],"texture":"#glass"},"south":{"uv":[0,0,16,16],"texture":"#glass"},"west":{"uv":[0,0,16,16],"texture":"#glass"},"up":{"uv":[0,0,16,16],"texture":"#glass"},"down":{"uv":[0,0,16,16],"texture":"#glass"}}}],"display":{"ground":{"rotation":[0,0,0],"translation":[0,2,0],"scale":[0.5,0.5,0.5]},"head":{"rotation":[0,180,0],"translation":[0,13,7],"scale":[1,1,1]},"thirdperson_righthand":{"rotation":[0,0,0],"translation":[0,3,1],"scale":[0.55,0.55,0.55]},"firstperson_righthand":{"rotation":[0,-90,25],"translation":[1.13,3.2,1.13],"scale":[0.68,0.68,0.68]},"fixed":{"rotation":[0,180,0],"scale":[1,1,1]}}}