{"textures":{"package":"minecraft:block/glass"},"elements":[{"from":[2,2,2],"to":[14,14,14],"faces":{"north":{"uv":[0,0,16,16],"texture":"#package"},"east":{"uv":[0,0,16,16],"texture":"#package"},"south":{"uv":[0,0,16,16],"texture":"#package"},"west":{"uv":[0,0,16,16],"texture":"#package"},"up":{"uv":[0,0,16,16],"texture":"#package"},"down":{"uv":[0,0,16,16],"texture":"#package"}}},{"from":[2,2,8],"to":[14,14,8],"faces":{"north":{"uv":[0,0,16,16],"texture":"#item"},"south":{"uv":[0,0,16,16],"texture":"#item"}}}]}
