{"textures":{"main":"cft:item/dropper/candy_corn","glass":"minecraft:block/glass"},"elements":[{"from":[7,13,7],"to":[8,14,8],"faces":{"north":{"uv":[7,2,8,3],"texture":"#main"},"east":{"uv":[7,2,8,3],"texture":"#main"},"south":{"uv":[7,2,8,3],"texture":"#main"},"west":{"uv":[7,2,8,3],"texture":"#main"},"up":{"uv":[7,2,8,3],"texture":"#main"},"down":{"uv":[7,2,8,3],"texture":"#main"}}},{"from":[8,13,7],"to":[9,14,8],"faces":{"north":{"uv":[8,2,9,3],"texture":"#main"},"east":{"uv":[8,2,9,3],"texture":"#main"},"south":{"uv":[8,2,9,3],"texture":"#main"},"west":{"uv":[8,2,9,3],"texture":"#main"},"up":{"uv":[8,2,9,3],"texture":"#main"},"down":{"uv":[8,2,9,3],"texture":"#main"}}},{"from":[6,12,7],"to":[7,13,8],"faces":{"north":{"uv":[6,3,7,4],"texture":"#main"},"east":{"uv":[6,3,7,4],"texture":"#main"},"south":{"uv":[6,3,7,4],"texture":"#main"},"west":{"uv":[6,3,7,4],"texture":"#main"},"up":{"uv":[6,3,7,4],"texture":"#main"},"down":{"uv":[6,3,7,4],"texture":"#main"}}},{"from":[7,12,7],"to":[8,13,8],"faces":{"north":{"uv":[7,3,8,4],"texture":"#main"},"east":{"uv":[7,3,8,4],"texture":"#main"},"south":{"uv":[7,3,8,4],"texture":"#main"},"west":{"uv":[7,3,8,4],"texture":"#main"},"up":{"uv":[7,3,8,4],"texture":"#main"},"down":{"uv":[7,3,8,4],"texture":"#main"}}},{"from":[8,12,7],"to":[9,13,8],"faces":{"north":{"uv":[8,3,9,4],"texture":"#main"},"east":{"uv":[8,3,9,4],"texture":"#main"},"south":{"uv":[8,3,9,4],"texture":"#main"},"west":{"uv":[8,3,9,4],"texture":"#main"},"up":{"uv":[8,3,9,4],"texture":"#main"},"down":{"uv":[8,3,9,4],"texture":"#main"}}},{"from":[9,12,7],"to":[10,13,8],"faces":{"north":{"uv":[9,3,10,4],"texture":"#main"},"east":{"uv":[9,3,10,4],"texture":"#main"},"south":{"uv":[9,3,10,4],"texture":"#main"},"west":{"uv":[9,3,10,4],"texture":"#main"},"up":{"uv":[9,3,10,4],"texture":"#main"},"down":{"uv":[9,3,10,4],"texture":"#main"}}},{"from":[6,11,7],"to":[7,12,8],"faces":{"north":{"uv":[6,4,7,5],"texture":"#main"},"east":{"uv":[6,4,7,5],"texture":"#main"},"south":{"uv":[6,4,7,5],"texture":"#main"},"west":{"uv":[6,4,7,5],"texture":"#main"},"up":{"uv":[6,4,7,5],"texture":"#main"},"down":{"uv":[6,4,7,5],"texture":"#main"}}},{"from":[7,11,7],"to":[8,12,8],"faces":{"north":{"uv":[7,4,8,5],"texture":"#main"},"east":{"uv":[7,4,8,5],"texture":"#main"},"south":{"uv":[7,4,8,5],"texture":"#main"},"west":{"uv":[7,4,8,5],"texture":"#main"},"up":{"uv":[7,4,8,5],"texture":"#main"},"down":{"uv":[7,4,8,5],"texture":"#main"}}},{"from":[8,11,7],"to":[9,12,8],"faces":{"north":{"uv":[8,4,9,5],"texture":"#main"},"east":{"uv":[8,4,9,5],"texture":"#main"},"south":{"uv":[8,4,9,5],"texture":"#main"},"west":{"uv":[8,4,9,5],"texture":"#main"},"up":{"uv":[8,4,9,5],"texture":"#main"},"down":{"uv":[8,4,9,5],"texture":"#main"}}},{"from":[9,11,7],"to":[10,12,8],"faces":{"north":{"uv":[9,4,10,5],"texture":"#main"},"east":{"uv":[9,4,10,5],"texture":"#main"},"south":{"uv":[9,4,10,5],"texture":"#main"},"west":{"uv":[9,4,10,5],"texture":"#main"},"up":{"uv":[9,4,10,5],"texture":"#main"},"down":{"uv":[9,4,10,5],"texture":"#main"}}},{"from":[5,10,7],"to":[6,11,8],"faces":{"north":{"uv":[5,5,6,6],"texture":"#main"},"east":{"uv":[5,5,6,6],"texture":"#main"},"south":{"uv":[5,5,6,6],"texture":"#main"},"west":{"uv":[5,5,6,6],"texture":"#main"},"up":{"uv":[5,5,6,6],"texture":"#main"},"down":{"uv":[5,5,6,6],"texture":"#main"}}},{"from":[6,10,7],"to":[7,11,8],"faces":{"north":{"uv":[6,5,7,6],"texture":"#main"},"east":{"uv":[6,5,7,6],"texture":"#main"},"south":{"uv":[6,5,7,6],"texture":"#main"},"west":{"uv":[6,5,7,6],"texture":"#main"},"up":{"uv":[6,5,7,6],"texture":"#main"},"down":{"uv":[6,5,7,6],"texture":"#main"}}},{"from":[7,10,7],"to":[8,11,8],"faces":{"north":{"uv":[7,5,8,6],"texture":"#main"},"east":{"uv":[7,5,8,6],"texture":"#main"},"south":{"uv":[7,5,8,6],"texture":"#main"},"west":{"uv":[7,5,8,6],"texture":"#main"},"up":{"uv":[7,5,8,6],"texture":"#main"},"down":{"uv":[7,5,8,6],"texture":"#main"}}},{"from":[8,10,7],"to":[9,11,8],"faces":{"north":{"uv":[8,5,9,6],"texture":"#main"},"east":{"uv":[8,5,9,6],"texture":"#main"},"south":{"uv":[8,5,9,6],"texture":"#main"},"west":{"uv":[8,5,9,6],"texture":"#main"},"up":{"uv":[8,5,9,6],"texture":"#main"},"down":{"uv":[8,5,9,6],"texture":"#main"}}},{"from":[9,10,7],"to":[10,11,8],"faces":{"north":{"uv":[9,5,10,6],"texture":"#main"},"east":{"uv":[9,5,10,6],"texture":"#main"},"south":{"uv":[9,5,10,6],"texture":"#main"},"west":{"uv":[9,5,10,6],"texture":"#main"},"up":{"uv":[9,5,10,6],"texture":"#main"},"down":{"uv":[9,5,10,6],"texture":"#main"}}},{"from":[10,10,7],"to":[11,11,8],"faces":{"north":{"uv":[10,5,11,6],"texture":"#main"},"east":{"uv":[10,5,11,6],"texture":"#main"},"south":{"uv":[10,5,11,6],"texture":"#main"},"west":{"uv":[10,5,11,6],"texture":"#main"},"up":{"uv":[10,5,11,6],"texture":"#main"},"down":{"uv":[10,5,11,6],"texture":"#main"}}},{"from":[5,9,7],"to":[6,10,8],"faces":{"north":{"uv":[5,6,6,7],"texture":"#main"},"east":{"uv":[5,6,6,7],"texture":"#main"},"south":{"uv":[5,6,6,7],"texture":"#main"},"west":{"uv":[5,6,6,7],"texture":"#main"},"up":{"uv":[5,6,6,7],"texture":"#main"},"down":{"uv":[5,6,6,7],"texture":"#main"}}},{"from":[6,9,7],"to":[7,10,8],"faces":{"north":{"uv":[6,6,7,7],"texture":"#main"},"east":{"uv":[6,6,7,7],"texture":"#main"},"south":{"uv":[6,6,7,7],"texture":"#main"},"west":{"uv":[6,6,7,7],"texture":"#main"},"up":{"uv":[6,6,7,7],"texture":"#main"},"down":{"uv":[6,6,7,7],"texture":"#main"}}},{"from":[7,9,7],"to":[8,10,8],"faces":{"north":{"uv":[7,6,8,7],"texture":"#main"},"east":{"uv":[7,6,8,7],"texture":"#main"},"south":{"uv":[7,6,8,7],"texture":"#main"},"west":{"uv":[7,6,8,7],"texture":"#main"},"up":{"uv":[7,6,8,7],"texture":"#main"},"down":{"uv":[7,6,8,7],"texture":"#main"}}},{"from":[8,9,7],"to":[9,10,8],"faces":{"north":{"uv":[8,6,9,7],"texture":"#main"},"east":{"uv":[8,6,9,7],"texture":"#main"},"south":{"uv":[8,6,9,7],"texture":"#main"},"west":{"uv":[8,6,9,7],"texture":"#main"},"up":{"uv":[8,6,9,7],"texture":"#main"},"down":{"uv":[8,6,9,7],"texture":"#main"}}},{"from":[9,9,7],"to":[10,10,8],"faces":{"north":{"uv":[9,6,10,7],"texture":"#main"},"east":{"uv":[9,6,10,7],"texture":"#main"},"south":{"uv":[9,6,10,7],"texture":"#main"},"west":{"uv":[9,6,10,7],"texture":"#main"},"up":{"uv":[9,6,10,7],"texture":"#main"},"down":{"uv":[9,6,10,7],"texture":"#main"}}},{"from":[10,9,7],"to":[11,10,8],"faces":{"north":{"uv":[10,6,11,7],"texture":"#main"},"east":{"uv":[10,6,11,7],"texture":"#main"},"south":{"uv":[10,6,11,7],"texture":"#main"},"west":{"uv":[10,6,11,7],"texture":"#main"},"up":{"uv":[10,6,11,7],"texture":"#main"},"down":{"uv":[10,6,11,7],"texture":"#main"}}},{"from":[4,8,7],"to":[5,9,8],"faces":{"north":{"uv":[4,7,5,8],"texture":"#main"},"east":{"uv":[4,7,5,8],"texture":"#main"},"south":{"uv":[4,7,5,8],"texture":"#main"},"west":{"uv":[4,7,5,8],"texture":"#main"},"up":{"uv":[4,7,5,8],"texture":"#main"},"down":{"uv":[4,7,5,8],"texture":"#main"}}},{"from":[5,8,7],"to":[6,9,8],"faces":{"north":{"uv":[5,7,6,8],"texture":"#main"},"east":{"uv":[5,7,6,8],"texture":"#main"},"south":{"uv":[5,7,6,8],"texture":"#main"},"west":{"uv":[5,7,6,8],"texture":"#main"},"up":{"uv":[5,7,6,8],"texture":"#main"},"down":{"uv":[5,7,6,8],"texture":"#main"}}},{"from":[6,8,7],"to":[7,9,8],"faces":{"north":{"uv":[6,7,7,8],"texture":"#main"},"east":{"uv":[6,7,7,8],"texture":"#main"},"south":{"uv":[6,7,7,8],"texture":"#main"},"west":{"uv":[6,7,7,8],"texture":"#main"},"up":{"uv":[6,7,7,8],"texture":"#main"},"down":{"uv":[6,7,7,8],"texture":"#main"}}},{"from":[7,8,7],"to":[8,9,8],"faces":{"north":{"uv":[7,7,8,8],"texture":"#main"},"east":{"uv":[7,7,8,8],"texture":"#main"},"south":{"uv":[7,7,8,8],"texture":"#main"},"west":{"uv":[7,7,8,8],"texture":"#main"},"up":{"uv":[7,7,8,8],"texture":"#main"},"down":{"uv":[7,7,8,8],"texture":"#main"}}},{"from":[8,8,7],"to":[9,9,8],"faces":{"north":{"uv":[8,7,9,8],"texture":"#main"},"east":{"uv":[8,7,9,8],"texture":"#main"},"south":{"uv":[8,7,9,8],"texture":"#main"},"west":{"uv":[8,7,9,8],"texture":"#main"},"up":{"uv":[8,7,9,8],"texture":"#main"},"down":{"uv":[8,7,9,8],"texture":"#main"}}},{"from":[9,8,7],"to":[10,9,8],"faces":{"north":{"uv":[9,7,10,8],"texture":"#main"},"east":{"uv":[9,7,10,8],"texture":"#main"},"south":{"uv":[9,7,10,8],"texture":"#main"},"west":{"uv":[9,7,10,8],"texture":"#main"},"up":{"uv":[9,7,10,8],"texture":"#main"},"down":{"uv":[9,7,10,8],"texture":"#main"}}},{"from":[10,8,7],"to":[11,9,8],"faces":{"north":{"uv":[10,7,11,8],"texture":"#main"},"east":{"uv":[10,7,11,8],"texture":"#main"},"south":{"uv":[10,7,11,8],"texture":"#main"},"west":{"uv":[10,7,11,8],"texture":"#main"},"up":{"uv":[10,7,11,8],"texture":"#main"},"down":{"uv":[10,7,11,8],"texture":"#main"}}},{"from":[11,8,7],"to":[12,9,8],"faces":{"north":{"uv":[11,7,12,8],"texture":"#main"},"east":{"uv":[11,7,12,8],"texture":"#main"},"south":{"uv":[11,7,12,8],"texture":"#main"},"west":{"uv":[11,7,12,8],"texture":"#main"},"up":{"uv":[11,7,12,8],"texture":"#main"},"down":{"uv":[11,7,12,8],"texture":"#main"}}},{"from":[4,7,7],"to":[5,8,8],"faces":{"north":{"uv":[4,8,5,9],"texture":"#main"},"east":{"uv":[4,8,5,9],"texture":"#main"},"south":{"uv":[4,8,5,9],"texture":"#main"},"west":{"uv":[4,8,5,9],"texture":"#main"},"up":{"uv":[4,8,5,9],"texture":"#main"},"down":{"uv":[4,8,5,9],"texture":"#main"}}},{"from":[5,7,7],"to":[6,8,8],"faces":{"north":{"uv":[5,8,6,9],"texture":"#main"},"east":{"uv":[5,8,6,9],"texture":"#main"},"south":{"uv":[5,8,6,9],"texture":"#main"},"west":{"uv":[5,8,6,9],"texture":"#main"},"up":{"uv":[5,8,6,9],"texture":"#main"},"down":{"uv":[5,8,6,9],"texture":"#main"}}},{"from":[6,7,7],"to":[7,8,8],"faces":{"north":{"uv":[6,8,7,9],"texture":"#main"},"east":{"uv":[6,8,7,9],"texture":"#main"},"south":{"uv":[6,8,7,9],"texture":"#main"},"west":{"uv":[6,8,7,9],"texture":"#main"},"up":{"uv":[6,8,7,9],"texture":"#main"},"down":{"uv":[6,8,7,9],"texture":"#main"}}},{"from":[7,7,7],"to":[8,8,8],"faces":{"north":{"uv":[7,8,8,9],"texture":"#main"},"east":{"uv":[7,8,8,9],"texture":"#main"},"south":{"uv":[7,8,8,9],"texture":"#main"},"west":{"uv":[7,8,8,9],"texture":"#main"},"up":{"uv":[7,8,8,9],"texture":"#main"},"down":{"uv":[7,8,8,9],"texture":"#main"}}},{"from":[8,7,7],"to":[9,8,8],"faces":{"north":{"uv":[8,8,9,9],"texture":"#main"},"east":{"uv":[8,8,9,9],"texture":"#main"},"south":{"uv":[8,8,9,9],"texture":"#main"},"west":{"uv":[8,8,9,9],"texture":"#main"},"up":{"uv":[8,8,9,9],"texture":"#main"},"down":{"uv":[8,8,9,9],"texture":"#main"}}},{"from":[9,7,7],"to":[10,8,8],"faces":{"north":{"uv":[9,8,10,9],"texture":"#main"},"east":{"uv":[9,8,10,9],"texture":"#main"},"south":{"uv":[9,8,10,9],"texture":"#main"},"west":{"uv":[9,8,10,9],"texture":"#main"},"up":{"uv":[9,8,10,9],"texture":"#main"},"down":{"uv":[9,8,10,9],"texture":"#main"}}},{"from":[10,7,7],"to":[11,8,8],"faces":{"north":{"uv":[10,8,11,9],"texture":"#main"},"east":{"uv":[10,8,11,9],"texture":"#main"},"south":{"uv":[10,8,11,9],"texture":"#main"},"west":{"uv":[10,8,11,9],"texture":"#main"},"up":{"uv":[10,8,11,9],"texture":"#main"},"down":{"uv":[10,8,11,9],"texture":"#main"}}},{"from":[11,7,7],"to":[12,8,8],"faces":{"north":{"uv":[11,8,12,9],"texture":"#main"},"east":{"uv":[11,8,12,9],"texture":"#main"},"south":{"uv":[11,8,12,9],"texture":"#main"},"west":{"uv":[11,8,12,9],"texture":"#main"},"up":{"uv":[11,8,12,9],"texture":"#main"},"down":{"uv":[11,8,12,9],"texture":"#main"}}},{"from":[3,6,7],"to":[4,7,8],"faces":{"north":{"uv":[3,9,4,10],"texture":"#main"},"east":{"uv":[3,9,4,10],"texture":"#main"},"south":{"uv":[3,9,4,10],"texture":"#main"},"west":{"uv":[3,9,4,10],"texture":"#main"},"up":{"uv":[3,9,4,10],"texture":"#main"},"down":{"uv":[3,9,4,10],"texture":"#main"}}},{"from":[4,6,7],"to":[5,7,8],"faces":{"north":{"uv":[4,9,5,10],"texture":"#main"},"east":{"uv":[4,9,5,10],"texture":"#main"},"south":{"uv":[4,9,5,10],"texture":"#main"},"west":{"uv":[4,9,5,10],"texture":"#main"},"up":{"uv":[4,9,5,10],"texture":"#main"},"down":{"uv":[4,9,5,10],"texture":"#main"}}},{"from":[5,6,7],"to":[6,7,8],"faces":{"north":{"uv":[5,9,6,10],"texture":"#main"},"east":{"uv":[5,9,6,10],"texture":"#main"},"south":{"uv":[5,9,6,10],"texture":"#main"},"west":{"uv":[5,9,6,10],"texture":"#main"},"up":{"uv":[5,9,6,10],"texture":"#main"},"down":{"uv":[5,9,6,10],"texture":"#main"}}},{"from":[6,6,7],"to":[7,7,8],"faces":{"north":{"uv":[6,9,7,10],"texture":"#main"},"east":{"uv":[6,9,7,10],"texture":"#main"},"south":{"uv":[6,9,7,10],"texture":"#main"},"west":{"uv":[6,9,7,10],"texture":"#main"},"up":{"uv":[6,9,7,10],"texture":"#main"},"down":{"uv":[6,9,7,10],"texture":"#main"}}},{"from":[7,6,7],"to":[8,7,8],"faces":{"north":{"uv":[7,9,8,10],"texture":"#main"},"east":{"uv":[7,9,8,10],"texture":"#main"},"south":{"uv":[7,9,8,10],"texture":"#main"},"west":{"uv":[7,9,8,10],"texture":"#main"},"up":{"uv":[7,9,8,10],"texture":"#main"},"down":{"uv":[7,9,8,10],"texture":"#main"}}},{"from":[8,6,7],"to":[9,7,8],"faces":{"north":{"uv":[8,9,9,10],"texture":"#main"},"east":{"uv":[8,9,9,10],"texture":"#main"},"south":{"uv":[8,9,9,10],"texture":"#main"},"west":{"uv":[8,9,9,10],"texture":"#main"},"up":{"uv":[8,9,9,10],"texture":"#main"},"down":{"uv":[8,9,9,10],"texture":"#main"}}},{"from":[9,6,7],"to":[10,7,8],"faces":{"north":{"uv":[9,9,10,10],"texture":"#main"},"east":{"uv":[9,9,10,10],"texture":"#main"},"south":{"uv":[9,9,10,10],"texture":"#main"},"west":{"uv":[9,9,10,10],"texture":"#main"},"up":{"uv":[9,9,10,10],"texture":"#main"},"down":{"uv":[9,9,10,10],"texture":"#main"}}},{"from":[10,6,7],"to":[11,7,8],"faces":{"north":{"uv":[10,9,11,10],"texture":"#main"},"east":{"uv":[10,9,11,10],"texture":"#main"},"south":{"uv":[10,9,11,10],"texture":"#main"},"west":{"uv":[10,9,11,10],"texture":"#main"},"up":{"uv":[10,9,11,10],"texture":"#main"},"down":{"uv":[10,9,11,10],"texture":"#main"}}},{"from":[11,6,7],"to":[12,7,8],"faces":{"north":{"uv":[11,9,12,10],"texture":"#main"},"east":{"uv":[11,9,12,10],"texture":"#main"},"south":{"uv":[11,9,12,10],"texture":"#main"},"west":{"uv":[11,9,12,10],"texture":"#main"},"up":{"uv":[11,9,12,10],"texture":"#main"},"down":{"uv":[11,9,12,10],"texture":"#main"}}},{"from":[12,6,7],"to":[13,7,8],"faces":{"north":{"uv":[12,9,13,10],"texture":"#main"},"east":{"uv":[12,9,13,10],"texture":"#main"},"south":{"uv":[12,9,13,10],"texture":"#main"},"west":{"uv":[12,9,13,10],"texture":"#main"},"up":{"uv":[12,9,13,10],"texture":"#main"},"down":{"uv":[12,9,13,10],"texture":"#main"}}},{"from":[3,5,7],"to":[4,6,8],"faces":{"north":{"uv":[3,10,4,11],"texture":"#main"},"east":{"uv":[3,10,4,11],"texture":"#main"},"south":{"uv":[3,10,4,11],"texture":"#main"},"west":{"uv":[3,10,4,11],"texture":"#main"},"up":{"uv":[3,10,4,11],"texture":"#main"},"down":{"uv":[3,10,4,11],"texture":"#main"}}},{"from":[4,5,7],"to":[5,6,8],"faces":{"north":{"uv":[4,10,5,11],"texture":"#main"},"east":{"uv":[4,10,5,11],"texture":"#main"},"south":{"uv":[4,10,5,11],"texture":"#main"},"west":{"uv":[4,10,5,11],"texture":"#main"},"up":{"uv":[4,10,5,11],"texture":"#main"},"down":{"uv":[4,10,5,11],"texture":"#main"}}},{"from":[5,5,7],"to":[6,6,8],"faces":{"north":{"uv":[5,10,6,11],"texture":"#main"},"east":{"uv":[5,10,6,11],"texture":"#main"},"south":{"uv":[5,10,6,11],"texture":"#main"},"west":{"uv":[5,10,6,11],"texture":"#main"},"up":{"uv":[5,10,6,11],"texture":"#main"},"down":{"uv":[5,10,6,11],"texture":"#main"}}},{"from":[6,5,7],"to":[7,6,8],"faces":{"north":{"uv":[6,10,7,11],"texture":"#main"},"east":{"uv":[6,10,7,11],"texture":"#main"},"south":{"uv":[6,10,7,11],"texture":"#main"},"west":{"uv":[6,10,7,11],"texture":"#main"},"up":{"uv":[6,10,7,11],"texture":"#main"},"down":{"uv":[6,10,7,11],"texture":"#main"}}},{"from":[7,5,7],"to":[8,6,8],"faces":{"north":{"uv":[7,10,8,11],"texture":"#main"},"east":{"uv":[7,10,8,11],"texture":"#main"},"south":{"uv":[7,10,8,11],"texture":"#main"},"west":{"uv":[7,10,8,11],"texture":"#main"},"up":{"uv":[7,10,8,11],"texture":"#main"},"down":{"uv":[7,10,8,11],"texture":"#main"}}},{"from":[8,5,7],"to":[9,6,8],"faces":{"north":{"uv":[8,10,9,11],"texture":"#main"},"east":{"uv":[8,10,9,11],"texture":"#main"},"south":{"uv":[8,10,9,11],"texture":"#main"},"west":{"uv":[8,10,9,11],"texture":"#main"},"up":{"uv":[8,10,9,11],"texture":"#main"},"down":{"uv":[8,10,9,11],"texture":"#main"}}},{"from":[9,5,7],"to":[10,6,8],"faces":{"north":{"uv":[9,10,10,11],"texture":"#main"},"east":{"uv":[9,10,10,11],"texture":"#main"},"south":{"uv":[9,10,10,11],"texture":"#main"},"west":{"uv":[9,10,10,11],"texture":"#main"},"up":{"uv":[9,10,10,11],"texture":"#main"},"down":{"uv":[9,10,10,11],"texture":"#main"}}},{"from":[10,5,7],"to":[11,6,8],"faces":{"north":{"uv":[10,10,11,11],"texture":"#main"},"east":{"uv":[10,10,11,11],"texture":"#main"},"south":{"uv":[10,10,11,11],"texture":"#main"},"west":{"uv":[10,10,11,11],"texture":"#main"},"up":{"uv":[10,10,11,11],"texture":"#main"},"down":{"uv":[10,10,11,11],"texture":"#main"}}},{"from":[11,5,7],"to":[12,6,8],"faces":{"north":{"uv":[11,10,12,11],"texture":"#main"},"east":{"uv":[11,10,12,11],"texture":"#main"},"south":{"uv":[11,10,12,11],"texture":"#main"},"west":{"uv":[11,10,12,11],"texture":"#main"},"up":{"uv":[11,10,12,11],"texture":"#main"},"down":{"uv":[11,10,12,11],"texture":"#main"}}},{"from":[12,5,7],"to":[13,6,8],"faces":{"north":{"uv":[12,10,13,11],"texture":"#main"},"east":{"uv":[12,10,13,11],"texture":"#main"},"south":{"uv":[12,10,13,11],"texture":"#main"},"west":{"uv":[12,10,13,11],"texture":"#main"},"up":{"uv":[12,10,13,11],"texture":"#main"},"down":{"uv":[12,10,13,11],"texture":"#main"}}},{"from":[2,4,7],"to":[3,5,8],"faces":{"north":{"uv":[2,11,3,12],"texture":"#main"},"east":{"uv":[2,11,3,12],"texture":"#main"},"south":{"uv":[2,11,3,12],"texture":"#main"},"west":{"uv":[2,11,3,12],"texture":"#main"},"up":{"uv":[2,11,3,12],"texture":"#main"},"down":{"uv":[2,11,3,12],"texture":"#main"}}},{"from":[3,4,7],"to":[4,5,8],"faces":{"north":{"uv":[3,11,4,12],"texture":"#main"},"east":{"uv":[3,11,4,12],"texture":"#main"},"south":{"uv":[3,11,4,12],"texture":"#main"},"west":{"uv":[3,11,4,12],"texture":"#main"},"up":{"uv":[3,11,4,12],"texture":"#main"},"down":{"uv":[3,11,4,12],"texture":"#main"}}},{"from":[4,4,7],"to":[5,5,8],"faces":{"north":{"uv":[4,11,5,12],"texture":"#main"},"east":{"uv":[4,11,5,12],"texture":"#main"},"south":{"uv":[4,11,5,12],"texture":"#main"},"west":{"uv":[4,11,5,12],"texture":"#main"},"up":{"uv":[4,11,5,12],"texture":"#main"},"down":{"uv":[4,11,5,12],"texture":"#main"}}},{"from":[5,4,7],"to":[6,5,8],"faces":{"north":{"uv":[5,11,6,12],"texture":"#main"},"east":{"uv":[5,11,6,12],"texture":"#main"},"south":{"uv":[5,11,6,12],"texture":"#main"},"west":{"uv":[5,11,6,12],"texture":"#main"},"up":{"uv":[5,11,6,12],"texture":"#main"},"down":{"uv":[5,11,6,12],"texture":"#main"}}},{"from":[6,4,7],"to":[7,5,8],"faces":{"north":{"uv":[6,11,7,12],"texture":"#main"},"east":{"uv":[6,11,7,12],"texture":"#main"},"south":{"uv":[6,11,7,12],"texture":"#main"},"west":{"uv":[6,11,7,12],"texture":"#main"},"up":{"uv":[6,11,7,12],"texture":"#main"},"down":{"uv":[6,11,7,12],"texture":"#main"}}},{"from":[7,4,7],"to":[8,5,8],"faces":{"north":{"uv":[7,11,8,12],"texture":"#main"},"east":{"uv":[7,11,8,12],"texture":"#main"},"south":{"uv":[7,11,8,12],"texture":"#main"},"west":{"uv":[7,11,8,12],"texture":"#main"},"up":{"uv":[7,11,8,12],"texture":"#main"},"down":{"uv":[7,11,8,12],"texture":"#main"}}},{"from":[8,4,7],"to":[9,5,8],"faces":{"north":{"uv":[8,11,9,12],"texture":"#main"},"east":{"uv":[8,11,9,12],"texture":"#main"},"south":{"uv":[8,11,9,12],"texture":"#main"},"west":{"uv":[8,11,9,12],"texture":"#main"},"up":{"uv":[8,11,9,12],"texture":"#main"},"down":{"uv":[8,11,9,12],"texture":"#main"}}},{"from":[9,4,7],"to":[10,5,8],"faces":{"north":{"uv":[9,11,10,12],"texture":"#main"},"east":{"uv":[9,11,10,12],"texture":"#main"},"south":{"uv":[9,11,10,12],"texture":"#main"},"west":{"uv":[9,11,10,12],"texture":"#main"},"up":{"uv":[9,11,10,12],"texture":"#main"},"down":{"uv":[9,11,10,12],"texture":"#main"}}},{"from":[10,4,7],"to":[11,5,8],"faces":{"north":{"uv":[10,11,11,12],"texture":"#main"},"east":{"uv":[10,11,11,12],"texture":"#main"},"south":{"uv":[10,11,11,12],"texture":"#main"},"west":{"uv":[10,11,11,12],"texture":"#main"},"up":{"uv":[10,11,11,12],"texture":"#main"},"down":{"uv":[10,11,11,12],"texture":"#main"}}},{"from":[11,4,7],"to":[12,5,8],"faces":{"north":{"uv":[11,11,12,12],"texture":"#main"},"east":{"uv":[11,11,12,12],"texture":"#main"},"south":{"uv":[11,11,12,12],"texture":"#main"},"west":{"uv":[11,11,12,12],"texture":"#main"},"up":{"uv":[11,11,12,12],"texture":"#main"},"down":{"uv":[11,11,12,12],"texture":"#main"}}},{"from":[12,4,7],"to":[13,5,8],"faces":{"north":{"uv":[12,11,13,12],"texture":"#main"},"east":{"uv":[12,11,13,12],"texture":"#main"},"south":{"uv":[12,11,13,12],"texture":"#main"},"west":{"uv":[12,11,13,12],"texture":"#main"},"up":{"uv":[12,11,13,12],"texture":"#main"},"down":{"uv":[12,11,13,12],"texture":"#main"}}},{"from":[13,4,7],"to":[14,5,8],"faces":{"north":{"uv":[13,11,14,12],"texture":"#main"},"east":{"uv":[13,11,14,12],"texture":"#main"},"south":{"uv":[13,11,14,12],"texture":"#main"},"west":{"uv":[13,11,14,12],"texture":"#main"},"up":{"uv":[13,11,14,12],"texture":"#main"},"down":{"uv":[13,11,14,12],"texture":"#main"}}}],"display":{"ground":{"rotation":[0,0,0],"translation":[0,2,0],"scale":[0.5,0.5,0.5]},"head":{"rotation":[0,180,0],"translation":[0,13,7],"scale":[1,1,1]},"thirdperson_righthand":{"rotation":[0,0,0],"translation":[0,3,1],"scale":[0.55,0.55,0.55]},"firstperson_righthand":{"rotation":[0,-90,25],"translation":[1.13,3.2,1.13],"scale":[0.68,0.68,0.68]},"fixed":{"rotation":[0,180,0],"scale":[1,1,1]}}}