{"textures":{"main":"cft:item/dropper/candy_banana","glass":"minecraft:block/glass"},"elements":[{"from":[10,15,7],"to":[11,16,8],"faces":{"north":{"uv":[10,0,11,1],"texture":"#main"},"east":{"uv":[10,0,11,1],"texture":"#main"},"south":{"uv":[10,0,11,1],"texture":"#main"},"west":{"uv":[10,0,11,1],"texture":"#main"},"up":{"uv":[10,0,11,1],"texture":"#main"},"down":{"uv":[10,0,11,1],"texture":"#main"}}},{"from":[11,15,7],"to":[12,16,8],"faces":{"north":{"uv":[11,0,12,1],"texture":"#main"},"east":{"uv":[11,0,12,1],"texture":"#main"},"south":{"uv":[11,0,12,1],"texture":"#main"},"west":{"uv":[11,0,12,1],"texture":"#main"},"up":{"uv":[11,0,12,1],"texture":"#main"},"down":{"uv":[11,0,12,1],"texture":"#main"}}},{"from":[12,15,7],"to":[13,16,8],"faces":{"north":{"uv":[12,0,13,1],"texture":"#main"},"east":{"uv":[12,0,13,1],"texture":"#main"},"south":{"uv":[12,0,13,1],"texture":"#main"},"west":{"uv":[12,0,13,1],"texture":"#main"},"up":{"uv":[12,0,13,1],"texture":"#main"},"down":{"uv":[12,0,13,1],"texture":"#main"}}},{"from":[10,14,7],"to":[11,15,8],"faces":{"north":{"uv":[10,1,11,2],"texture":"#main"},"east":{"uv":[10,1,11,2],"texture":"#main"},"south":{"uv":[10,1,11,2],"texture":"#main"},"west":{"uv":[10,1,11,2],"texture":"#main"},"up":{"uv":[10,1,11,2],"texture":"#main"},"down":{"uv":[10,1,11,2],"texture":"#main"}}},{"from":[11,14,7],"to":[12,15,8],"faces":{"north":{"uv":[11,1,12,2],"texture":"#main"},"east":{"uv":[11,1,12,2],"texture":"#main"},"south":{"uv":[11,1,12,2],"texture":"#main"},"west":{"uv":[11,1,12,2],"texture":"#main"},"up":{"uv":[11,1,12,2],"texture":"#main"},"down":{"uv":[11,1,12,2],"texture":"#main"}}},{"from":[12,14,7],"to":[13,15,8],"faces":{"north":{"uv":[12,1,13,2],"texture":"#main"},"east":{"uv":[12,1,13,2],"texture":"#main"},"south":{"uv":[12,1,13,2],"texture":"#main"},"west":{"uv":[12,1,13,2],"texture":"#main"},"up":{"uv":[12,1,13,2],"texture":"#main"},"down":{"uv":[12,1,13,2],"texture":"#main"}}},{"from":[11,13,7],"to":[12,14,8],"faces":{"north":{"uv":[11,2,12,3],"texture":"#main"},"east":{"uv":[11,2,12,3],"texture":"#main"},"south":{"uv":[11,2,12,3],"texture":"#main"},"west":{"uv":[11,2,12,3],"texture":"#main"},"up":{"uv":[11,2,12,3],"texture":"#main"},"down":{"uv":[11,2,12,3],"texture":"#main"}}},{"from":[12,13,7],"to":[13,14,8],"faces":{"north":{"uv":[12,2,13,3],"texture":"#main"},"east":{"uv":[12,2,13,3],"texture":"#main"},"south":{"uv":[12,2,13,3],"texture":"#main"},"west":{"uv":[12,2,13,3],"texture":"#main"},"up":{"uv":[12,2,13,3],"texture":"#main"},"down":{"uv":[12,2,13,3],"texture":"#main"}}},{"from":[13,13,7],"to":[14,14,8],"faces":{"north":{"uv":[13,2,14,3],"texture":"#main"},"east":{"uv":[13,2,14,3],"texture":"#main"},"south":{"uv":[13,2,14,3],"texture":"#main"},"west":{"uv":[13,2,14,3],"texture":"#main"},"up":{"uv":[13,2,14,3],"texture":"#main"},"down":{"uv":[13,2,14,3],"texture":"#main"}}},{"from":[11,12,7],"to":[12,13,8],"faces":{"north":{"uv":[11,3,12,4],"texture":"#main"},"east":{"uv":[11,3,12,4],"texture":"#main"},"south":{"uv":[11,3,12,4],"texture":"#main"},"west":{"uv":[11,3,12,4],"texture":"#main"},"up":{"uv":[11,3,12,4],"texture":"#main"},"down":{"uv":[11,3,12,4],"texture":"#main"}}},{"from":[12,12,7],"to":[13,13,8],"faces":{"north":{"uv":[12,3,13,4],"texture":"#main"},"east":{"uv":[12,3,13,4],"texture":"#main"},"south":{"uv":[12,3,13,4],"texture":"#main"},"west":{"uv":[12,3,13,4],"texture":"#main"},"up":{"uv":[12,3,13,4],"texture":"#main"},"down":{"uv":[12,3,13,4],"texture":"#main"}}},{"from":[13,12,7],"to":[14,13,8],"faces":{"north":{"uv":[13,3,14,4],"texture":"#main"},"east":{"uv":[13,3,14,4],"texture":"#main"},"south":{"uv":[13,3,14,4],"texture":"#main"},"west":{"uv":[13,3,14,4],"texture":"#main"},"up":{"uv":[13,3,14,4],"texture":"#main"},"down":{"uv":[13,3,14,4],"texture":"#main"}}},{"from":[14,12,7],"to":[15,13,8],"faces":{"north":{"uv":[14,3,15,4],"texture":"#main"},"east":{"uv":[14,3,15,4],"texture":"#main"},"south":{"uv":[14,3,15,4],"texture":"#main"},"west":{"uv":[14,3,15,4],"texture":"#main"},"up":{"uv":[14,3,15,4],"texture":"#main"},"down":{"uv":[14,3,15,4],"texture":"#main"}}},{"from":[11,11,7],"to":[12,12,8],"faces":{"north":{"uv":[11,4,12,5],"texture":"#main"},"east":{"uv":[11,4,12,5],"texture":"#main"},"south":{"uv":[11,4,12,5],"texture":"#main"},"west":{"uv":[11,4,12,5],"texture":"#main"},"up":{"uv":[11,4,12,5],"texture":"#main"},"down":{"uv":[11,4,12,5],"texture":"#main"}}},{"from":[12,11,7],"to":[13,12,8],"faces":{"north":{"uv":[12,4,13,5],"texture":"#main"},"east":{"uv":[12,4,13,5],"texture":"#main"},"south":{"uv":[12,4,13,5],"texture":"#main"},"west":{"uv":[12,4,13,5],"texture":"#main"},"up":{"uv":[12,4,13,5],"texture":"#main"},"down":{"uv":[12,4,13,5],"texture":"#main"}}},{"from":[13,11,7],"to":[14,12,8],"faces":{"north":{"uv":[13,4,14,5],"texture":"#main"},"east":{"uv":[13,4,14,5],"texture":"#main"},"south":{"uv":[13,4,14,5],"texture":"#main"},"west":{"uv":[13,4,14,5],"texture":"#main"},"up":{"uv":[13,4,14,5],"texture":"#main"},"down":{"uv":[13,4,14,5],"texture":"#main"}}},{"from":[14,11,7],"to":[15,12,8],"faces":{"north":{"uv":[14,4,15,5],"texture":"#main"},"east":{"uv":[14,4,15,5],"texture":"#main"},"south":{"uv":[14,4,15,5],"texture":"#main"},"west":{"uv":[14,4,15,5],"texture":"#main"},"up":{"uv":[14,4,15,5],"texture":"#main"},"down":{"uv":[14,4,15,5],"texture":"#main"}}},{"from":[15,11,7],"to":[16,12,8],"faces":{"north":{"uv":[15,4,16,5],"texture":"#main"},"east":{"uv":[15,4,16,5],"texture":"#main"},"south":{"uv":[15,4,16,5],"texture":"#main"},"west":{"uv":[15,4,16,5],"texture":"#main"},"up":{"uv":[15,4,16,5],"texture":"#main"},"down":{"uv":[15,4,16,5],"texture":"#main"}}},{"from":[10,10,7],"to":[11,11,8],"faces":{"north":{"uv":[10,5,11,6],"texture":"#main"},"east":{"uv":[10,5,11,6],"texture":"#main"},"south":{"uv":[10,5,11,6],"texture":"#main"},"west":{"uv":[10,5,11,6],"texture":"#main"},"up":{"uv":[10,5,11,6],"texture":"#main"},"down":{"uv":[10,5,11,6],"texture":"#main"}}},{"from":[11,10,7],"to":[12,11,8],"faces":{"north":{"uv":[11,5,12,6],"texture":"#main"},"east":{"uv":[11,5,12,6],"texture":"#main"},"south":{"uv":[11,5,12,6],"texture":"#main"},"west":{"uv":[11,5,12,6],"texture":"#main"},"up":{"uv":[11,5,12,6],"texture":"#main"},"down":{"uv":[11,5,12,6],"texture":"#main"}}},{"from":[12,10,7],"to":[13,11,8],"faces":{"north":{"uv":[12,5,13,6],"texture":"#main"},"east":{"uv":[12,5,13,6],"texture":"#main"},"south":{"uv":[12,5,13,6],"texture":"#main"},"west":{"uv":[12,5,13,6],"texture":"#main"},"up":{"uv":[12,5,13,6],"texture":"#main"},"down":{"uv":[12,5,13,6],"texture":"#main"}}},{"from":[13,10,7],"to":[14,11,8],"faces":{"north":{"uv":[13,5,14,6],"texture":"#main"},"east":{"uv":[13,5,14,6],"texture":"#main"},"south":{"uv":[13,5,14,6],"texture":"#main"},"west":{"uv":[13,5,14,6],"texture":"#main"},"up":{"uv":[13,5,14,6],"texture":"#main"},"down":{"uv":[13,5,14,6],"texture":"#main"}}},{"from":[14,10,7],"to":[15,11,8],"faces":{"north":{"uv":[14,5,15,6],"texture":"#main"},"east":{"uv":[14,5,15,6],"texture":"#main"},"south":{"uv":[14,5,15,6],"texture":"#main"},"west":{"uv":[14,5,15,6],"texture":"#main"},"up":{"uv":[14,5,15,6],"texture":"#main"},"down":{"uv":[14,5,15,6],"texture":"#main"}}},{"from":[15,10,7],"to":[16,11,8],"faces":{"north":{"uv":[15,5,16,6],"texture":"#main"},"east":{"uv":[15,5,16,6],"texture":"#main"},"south":{"uv":[15,5,16,6],"texture":"#main"},"west":{"uv":[15,5,16,6],"texture":"#main"},"up":{"uv":[15,5,16,6],"texture":"#main"},"down":{"uv":[15,5,16,6],"texture":"#main"}}},{"from":[10,9,7],"to":[11,10,8],"faces":{"north":{"uv":[10,6,11,7],"texture":"#main"},"east":{"uv":[10,6,11,7],"texture":"#main"},"south":{"uv":[10,6,11,7],"texture":"#main"},"west":{"uv":[10,6,11,7],"texture":"#main"},"up":{"uv":[10,6,11,7],"texture":"#main"},"down":{"uv":[10,6,11,7],"texture":"#main"}}},{"from":[11,9,7],"to":[12,10,8],"faces":{"north":{"uv":[11,6,12,7],"texture":"#main"},"east":{"uv":[11,6,12,7],"texture":"#main"},"south":{"uv":[11,6,12,7],"texture":"#main"},"west":{"uv":[11,6,12,7],"texture":"#main"},"up":{"uv":[11,6,12,7],"texture":"#main"},"down":{"uv":[11,6,12,7],"texture":"#main"}}},{"from":[12,9,7],"to":[13,10,8],"faces":{"north":{"uv":[12,6,13,7],"texture":"#main"},"east":{"uv":[12,6,13,7],"texture":"#main"},"south":{"uv":[12,6,13,7],"texture":"#main"},"west":{"uv":[12,6,13,7],"texture":"#main"},"up":{"uv":[12,6,13,7],"texture":"#main"},"down":{"uv":[12,6,13,7],"texture":"#main"}}},{"from":[13,9,7],"to":[14,10,8],"faces":{"north":{"uv":[13,6,14,7],"texture":"#main"},"east":{"uv":[13,6,14,7],"texture":"#main"},"south":{"uv":[13,6,14,7],"texture":"#main"},"west":{"uv":[13,6,14,7],"texture":"#main"},"up":{"uv":[13,6,14,7],"texture":"#main"},"down":{"uv":[13,6,14,7],"texture":"#main"}}},{"from":[14,9,7],"to":[15,10,8],"faces":{"north":{"uv":[14,6,15,7],"texture":"#main"},"east":{"uv":[14,6,15,7],"texture":"#main"},"south":{"uv":[14,6,15,7],"texture":"#main"},"west":{"uv":[14,6,15,7],"texture":"#main"},"up":{"uv":[14,6,15,7],"texture":"#main"},"down":{"uv":[14,6,15,7],"texture":"#main"}}},{"from":[15,9,7],"to":[16,10,8],"faces":{"north":{"uv":[15,6,16,7],"texture":"#main"},"east":{"uv":[15,6,16,7],"texture":"#main"},"south":{"uv":[15,6,16,7],"texture":"#main"},"west":{"uv":[15,6,16,7],"texture":"#main"},"up":{"uv":[15,6,16,7],"texture":"#main"},"down":{"uv":[15,6,16,7],"texture":"#main"}}},{"from":[9,8,7],"to":[10,9,8],"faces":{"north":{"uv":[9,7,10,8],"texture":"#main"},"east":{"uv":[9,7,10,8],"texture":"#main"},"south":{"uv":[9,7,10,8],"texture":"#main"},"west":{"uv":[9,7,10,8],"texture":"#main"},"up":{"uv":[9,7,10,8],"texture":"#main"},"down":{"uv":[9,7,10,8],"texture":"#main"}}},{"from":[10,8,7],"to":[11,9,8],"faces":{"north":{"uv":[10,7,11,8],"texture":"#main"},"east":{"uv":[10,7,11,8],"texture":"#main"},"south":{"uv":[10,7,11,8],"texture":"#main"},"west":{"uv":[10,7,11,8],"texture":"#main"},"up":{"uv":[10,7,11,8],"texture":"#main"},"down":{"uv":[10,7,11,8],"texture":"#main"}}},{"from":[11,8,7],"to":[12,9,8],"faces":{"north":{"uv":[11,7,12,8],"texture":"#main"},"east":{"uv":[11,7,12,8],"texture":"#main"},"south":{"uv":[11,7,12,8],"texture":"#main"},"west":{"uv":[11,7,12,8],"texture":"#main"},"up":{"uv":[11,7,12,8],"texture":"#main"},"down":{"uv":[11,7,12,8],"texture":"#main"}}},{"from":[12,8,7],"to":[13,9,8],"faces":{"north":{"uv":[12,7,13,8],"texture":"#main"},"east":{"uv":[12,7,13,8],"texture":"#main"},"south":{"uv":[12,7,13,8],"texture":"#main"},"west":{"uv":[12,7,13,8],"texture":"#main"},"up":{"uv":[12,7,13,8],"texture":"#main"},"down":{"uv":[12,7,13,8],"texture":"#main"}}},{"from":[13,8,7],"to":[14,9,8],"faces":{"north":{"uv":[13,7,14,8],"texture":"#main"},"east":{"uv":[13,7,14,8],"texture":"#main"},"south":{"uv":[13,7,14,8],"texture":"#main"},"west":{"uv":[13,7,14,8],"texture":"#main"},"up":{"uv":[13,7,14,8],"texture":"#main"},"down":{"uv":[13,7,14,8],"texture":"#main"}}},{"from":[14,8,7],"to":[15,9,8],"faces":{"north":{"uv":[14,7,15,8],"texture":"#main"},"east":{"uv":[14,7,15,8],"texture":"#main"},"south":{"uv":[14,7,15,8],"texture":"#main"},"west":{"uv":[14,7,15,8],"texture":"#main"},"up":{"uv":[14,7,15,8],"texture":"#main"},"down":{"uv":[14,7,15,8],"texture":"#main"}}},{"from":[15,8,7],"to":[16,9,8],"faces":{"north":{"uv":[15,7,16,8],"texture":"#main"},"east":{"uv":[15,7,16,8],"texture":"#main"},"south":{"uv":[15,7,16,8],"texture":"#main"},"west":{"uv":[15,7,16,8],"texture":"#main"},"up":{"uv":[15,7,16,8],"texture":"#main"},"down":{"uv":[15,7,16,8],"texture":"#main"}}},{"from":[7,7,7],"to":[8,8,8],"faces":{"north":{"uv":[7,8,8,9],"texture":"#main"},"east":{"uv":[7,8,8,9],"texture":"#main"},"south":{"uv":[7,8,8,9],"texture":"#main"},"west":{"uv":[7,8,8,9],"texture":"#main"},"up":{"uv":[7,8,8,9],"texture":"#main"},"down":{"uv":[7,8,8,9],"texture":"#main"}}},{"from":[8,7,7],"to":[9,8,8],"faces":{"north":{"uv":[8,8,9,9],"texture":"#main"},"east":{"uv":[8,8,9,9],"texture":"#main"},"south":{"uv":[8,8,9,9],"texture":"#main"},"west":{"uv":[8,8,9,9],"texture":"#main"},"up":{"uv":[8,8,9,9],"texture":"#main"},"down":{"uv":[8,8,9,9],"texture":"#main"}}},{"from":[9,7,7],"to":[10,8,8],"faces":{"north":{"uv":[9,8,10,9],"texture":"#main"},"east":{"uv":[9,8,10,9],"texture":"#main"},"south":{"uv":[9,8,10,9],"texture":"#main"},"west":{"uv":[9,8,10,9],"texture":"#main"},"up":{"uv":[9,8,10,9],"texture":"#main"},"down":{"uv":[9,8,10,9],"texture":"#main"}}},{"from":[10,7,7],"to":[11,8,8],"faces":{"north":{"uv":[10,8,11,9],"texture":"#main"},"east":{"uv":[10,8,11,9],"texture":"#main"},"south":{"uv":[10,8,11,9],"texture":"#main"},"west":{"uv":[10,8,11,9],"texture":"#main"},"up":{"uv":[10,8,11,9],"texture":"#main"},"down":{"uv":[10,8,11,9],"texture":"#main"}}},{"from":[11,7,7],"to":[12,8,8],"faces":{"north":{"uv":[11,8,12,9],"texture":"#main"},"east":{"uv":[11,8,12,9],"texture":"#main"},"south":{"uv":[11,8,12,9],"texture":"#main"},"west":{"uv":[11,8,12,9],"texture":"#main"},"up":{"uv":[11,8,12,9],"texture":"#main"},"down":{"uv":[11,8,12,9],"texture":"#main"}}},{"from":[12,7,7],"to":[13,8,8],"faces":{"north":{"uv":[12,8,13,9],"texture":"#main"},"east":{"uv":[12,8,13,9],"texture":"#main"},"south":{"uv":[12,8,13,9],"texture":"#main"},"west":{"uv":[12,8,13,9],"texture":"#main"},"up":{"uv":[12,8,13,9],"texture":"#main"},"down":{"uv":[12,8,13,9],"texture":"#main"}}},{"from":[13,7,7],"to":[14,8,8],"faces":{"north":{"uv":[13,8,14,9],"texture":"#main"},"east":{"uv":[13,8,14,9],"texture":"#main"},"south":{"uv":[13,8,14,9],"texture":"#main"},"west":{"uv":[13,8,14,9],"texture":"#main"},"up":{"uv":[13,8,14,9],"texture":"#main"},"down":{"uv":[13,8,14,9],"texture":"#main"}}},{"from":[14,7,7],"to":[15,8,8],"faces":{"north":{"uv":[14,8,15,9],"texture":"#main"},"east":{"uv":[14,8,15,9],"texture":"#main"},"south":{"uv":[14,8,15,9],"texture":"#main"},"west":{"uv":[14,8,15,9],"texture":"#main"},"up":{"uv":[14,8,15,9],"texture":"#main"},"down":{"uv":[14,8,15,9],"texture":"#main"}}},{"from":[15,7,7],"to":[16,8,8],"faces":{"north":{"uv":[15,8,16,9],"texture":"#main"},"east":{"uv":[15,8,16,9],"texture":"#main"},"south":{"uv":[15,8,16,9],"texture":"#main"},"west":{"uv":[15,8,16,9],"texture":"#main"},"up":{"uv":[15,8,16,9],"texture":"#main"},"down":{"uv":[15,8,16,9],"texture":"#main"}}},{"from":[1,6,7],"to":[2,7,8],"faces":{"north":{"uv":[1,9,2,10],"texture":"#main"},"east":{"uv":[1,9,2,10],"texture":"#main"},"south":{"uv":[1,9,2,10],"texture":"#main"},"west":{"uv":[1,9,2,10],"texture":"#main"},"up":{"uv":[1,9,2,10],"texture":"#main"},"down":{"uv":[1,9,2,10],"texture":"#main"}}},{"from":[2,6,7],"to":[3,7,8],"faces":{"north":{"uv":[2,9,3,10],"texture":"#main"},"east":{"uv":[2,9,3,10],"texture":"#main"},"south":{"uv":[2,9,3,10],"texture":"#main"},"west":{"uv":[2,9,3,10],"texture":"#main"},"up":{"uv":[2,9,3,10],"texture":"#main"},"down":{"uv":[2,9,3,10],"texture":"#main"}}},{"from":[3,6,7],"to":[4,7,8],"faces":{"north":{"uv":[3,9,4,10],"texture":"#main"},"east":{"uv":[3,9,4,10],"texture":"#main"},"south":{"uv":[3,9,4,10],"texture":"#main"},"west":{"uv":[3,9,4,10],"texture":"#main"},"up":{"uv":[3,9,4,10],"texture":"#main"},"down":{"uv":[3,9,4,10],"texture":"#main"}}},{"from":[4,6,7],"to":[5,7,8],"faces":{"north":{"uv":[4,9,5,10],"texture":"#main"},"east":{"uv":[4,9,5,10],"texture":"#main"},"south":{"uv":[4,9,5,10],"texture":"#main"},"west":{"uv":[4,9,5,10],"texture":"#main"},"up":{"uv":[4,9,5,10],"texture":"#main"},"down":{"uv":[4,9,5,10],"texture":"#main"}}},{"from":[5,6,7],"to":[6,7,8],"faces":{"north":{"uv":[5,9,6,10],"texture":"#main"},"east":{"uv":[5,9,6,10],"texture":"#main"},"south":{"uv":[5,9,6,10],"texture":"#main"},"west":{"uv":[5,9,6,10],"texture":"#main"},"up":{"uv":[5,9,6,10],"texture":"#main"},"down":{"uv":[5,9,6,10],"texture":"#main"}}},{"from":[6,6,7],"to":[7,7,8],"faces":{"north":{"uv":[6,9,7,10],"texture":"#main"},"east":{"uv":[6,9,7,10],"texture":"#main"},"south":{"uv":[6,9,7,10],"texture":"#main"},"west":{"uv":[6,9,7,10],"texture":"#main"},"up":{"uv":[6,9,7,10],"texture":"#main"},"down":{"uv":[6,9,7,10],"texture":"#main"}}},{"from":[7,6,7],"to":[8,7,8],"faces":{"north":{"uv":[7,9,8,10],"texture":"#main"},"east":{"uv":[7,9,8,10],"texture":"#main"},"south":{"uv":[7,9,8,10],"texture":"#main"},"west":{"uv":[7,9,8,10],"texture":"#main"},"up":{"uv":[7,9,8,10],"texture":"#main"},"down":{"uv":[7,9,8,10],"texture":"#main"}}},{"from":[8,6,7],"to":[9,7,8],"faces":{"north":{"uv":[8,9,9,10],"texture":"#main"},"east":{"uv":[8,9,9,10],"texture":"#main"},"south":{"uv":[8,9,9,10],"texture":"#main"},"west":{"uv":[8,9,9,10],"texture":"#main"},"up":{"uv":[8,9,9,10],"texture":"#main"},"down":{"uv":[8,9,9,10],"texture":"#main"}}},{"from":[9,6,7],"to":[10,7,8],"faces":{"north":{"uv":[9,9,10,10],"texture":"#main"},"east":{"uv":[9,9,10,10],"texture":"#main"},"south":{"uv":[9,9,10,10],"texture":"#main"},"west":{"uv":[9,9,10,10],"texture":"#main"},"up":{"uv":[9,9,10,10],"texture":"#main"},"down":{"uv":[9,9,10,10],"texture":"#main"}}},{"from":[10,6,7],"to":[11,7,8],"faces":{"north":{"uv":[10,9,11,10],"texture":"#main"},"east":{"uv":[10,9,11,10],"texture":"#main"},"south":{"uv":[10,9,11,10],"texture":"#main"},"west":{"uv":[10,9,11,10],"texture":"#main"},"up":{"uv":[10,9,11,10],"texture":"#main"},"down":{"uv":[10,9,11,10],"texture":"#main"}}},{"from":[11,6,7],"to":[12,7,8],"faces":{"north":{"uv":[11,9,12,10],"texture":"#main"},"east":{"uv":[11,9,12,10],"texture":"#main"},"south":{"uv":[11,9,12,10],"texture":"#main"},"west":{"uv":[11,9,12,10],"texture":"#main"},"up":{"uv":[11,9,12,10],"texture":"#main"},"down":{"uv":[11,9,12,10],"texture":"#main"}}},{"from":[12,6,7],"to":[13,7,8],"faces":{"north":{"uv":[12,9,13,10],"texture":"#main"},"east":{"uv":[12,9,13,10],"texture":"#main"},"south":{"uv":[12,9,13,10],"texture":"#main"},"west":{"uv":[12,9,13,10],"texture":"#main"},"up":{"uv":[12,9,13,10],"texture":"#main"},"down":{"uv":[12,9,13,10],"texture":"#main"}}},{"from":[13,6,7],"to":[14,7,8],"faces":{"north":{"uv":[13,9,14,10],"texture":"#main"},"east":{"uv":[13,9,14,10],"texture":"#main"},"south":{"uv":[13,9,14,10],"texture":"#main"},"west":{"uv":[13,9,14,10],"texture":"#main"},"up":{"uv":[13,9,14,10],"texture":"#main"},"down":{"uv":[13,9,14,10],"texture":"#main"}}},{"from":[14,6,7],"to":[15,7,8],"faces":{"north":{"uv":[14,9,15,10],"texture":"#main"},"east":{"uv":[14,9,15,10],"texture":"#main"},"south":{"uv":[14,9,15,10],"texture":"#main"},"west":{"uv":[14,9,15,10],"texture":"#main"},"up":{"uv":[14,9,15,10],"texture":"#main"},"down":{"uv":[14,9,15,10],"texture":"#main"}}},{"from":[15,6,7],"to":[16,7,8],"faces":{"north":{"uv":[15,9,16,10],"texture":"#main"},"east":{"uv":[15,9,16,10],"texture":"#main"},"south":{"uv":[15,9,16,10],"texture":"#main"},"west":{"uv":[15,9,16,10],"texture":"#main"},"up":{"uv":[15,9,16,10],"texture":"#main"},"down":{"uv":[15,9,16,10],"texture":"#main"}}},{"from":[1,5,7],"to":[2,6,8],"faces":{"north":{"uv":[1,10,2,11],"texture":"#main"},"east":{"uv":[1,10,2,11],"texture":"#main"},"south":{"uv":[1,10,2,11],"texture":"#main"},"west":{"uv":[1,10,2,11],"texture":"#main"},"up":{"uv":[1,10,2,11],"texture":"#main"},"down":{"uv":[1,10,2,11],"texture":"#main"}}},{"from":[2,5,7],"to":[3,6,8],"faces":{"north":{"uv":[2,10,3,11],"texture":"#main"},"east":{"uv":[2,10,3,11],"texture":"#main"},"south":{"uv":[2,10,3,11],"texture":"#main"},"west":{"uv":[2,10,3,11],"texture":"#main"},"up":{"uv":[2,10,3,11],"texture":"#main"},"down":{"uv":[2,10,3,11],"texture":"#main"}}},{"from":[3,5,7],"to":[4,6,8],"faces":{"north":{"uv":[3,10,4,11],"texture":"#main"},"east":{"uv":[3,10,4,11],"texture":"#main"},"south":{"uv":[3,10,4,11],"texture":"#main"},"west":{"uv":[3,10,4,11],"texture":"#main"},"up":{"uv":[3,10,4,11],"texture":"#main"},"down":{"uv":[3,10,4,11],"texture":"#main"}}},{"from":[4,5,7],"to":[5,6,8],"faces":{"north":{"uv":[4,10,5,11],"texture":"#main"},"east":{"uv":[4,10,5,11],"texture":"#main"},"south":{"uv":[4,10,5,11],"texture":"#main"},"west":{"uv":[4,10,5,11],"texture":"#main"},"up":{"uv":[4,10,5,11],"texture":"#main"},"down":{"uv":[4,10,5,11],"texture":"#main"}}},{"from":[5,5,7],"to":[6,6,8],"faces":{"north":{"uv":[5,10,6,11],"texture":"#main"},"east":{"uv":[5,10,6,11],"texture":"#main"},"south":{"uv":[5,10,6,11],"texture":"#main"},"west":{"uv":[5,10,6,11],"texture":"#main"},"up":{"uv":[5,10,6,11],"texture":"#main"},"down":{"uv":[5,10,6,11],"texture":"#main"}}},{"from":[6,5,7],"to":[7,6,8],"faces":{"north":{"uv":[6,10,7,11],"texture":"#main"},"east":{"uv":[6,10,7,11],"texture":"#main"},"south":{"uv":[6,10,7,11],"texture":"#main"},"west":{"uv":[6,10,7,11],"texture":"#main"},"up":{"uv":[6,10,7,11],"texture":"#main"},"down":{"uv":[6,10,7,11],"texture":"#main"}}},{"from":[7,5,7],"to":[8,6,8],"faces":{"north":{"uv":[7,10,8,11],"texture":"#main"},"east":{"uv":[7,10,8,11],"texture":"#main"},"south":{"uv":[7,10,8,11],"texture":"#main"},"west":{"uv":[7,10,8,11],"texture":"#main"},"up":{"uv":[7,10,8,11],"texture":"#main"},"down":{"uv":[7,10,8,11],"texture":"#main"}}},{"from":[8,5,7],"to":[9,6,8],"faces":{"north":{"uv":[8,10,9,11],"texture":"#main"},"east":{"uv":[8,10,9,11],"texture":"#main"},"south":{"uv":[8,10,9,11],"texture":"#main"},"west":{"uv":[8,10,9,11],"texture":"#main"},"up":{"uv":[8,10,9,11],"texture":"#main"},"down":{"uv":[8,10,9,11],"texture":"#main"}}},{"from":[9,5,7],"to":[10,6,8],"faces":{"north":{"uv":[9,10,10,11],"texture":"#main"},"east":{"uv":[9,10,10,11],"texture":"#main"},"south":{"uv":[9,10,10,11],"texture":"#main"},"west":{"uv":[9,10,10,11],"texture":"#main"},"up":{"uv":[9,10,10,11],"texture":"#main"},"down":{"uv":[9,10,10,11],"texture":"#main"}}},{"from":[10,5,7],"to":[11,6,8],"faces":{"north":{"uv":[10,10,11,11],"texture":"#main"},"east":{"uv":[10,10,11,11],"texture":"#main"},"south":{"uv":[10,10,11,11],"texture":"#main"},"west":{"uv":[10,10,11,11],"texture":"#main"},"up":{"uv":[10,10,11,11],"texture":"#main"},"down":{"uv":[10,10,11,11],"texture":"#main"}}},{"from":[11,5,7],"to":[12,6,8],"faces":{"north":{"uv":[11,10,12,11],"texture":"#main"},"east":{"uv":[11,10,12,11],"texture":"#main"},"south":{"uv":[11,10,12,11],"texture":"#main"},"west":{"uv":[11,10,12,11],"texture":"#main"},"up":{"uv":[11,10,12,11],"texture":"#main"},"down":{"uv":[11,10,12,11],"texture":"#main"}}},{"from":[12,5,7],"to":[13,6,8],"faces":{"north":{"uv":[12,10,13,11],"texture":"#main"},"east":{"uv":[12,10,13,11],"texture":"#main"},"south":{"uv":[12,10,13,11],"texture":"#main"},"west":{"uv":[12,10,13,11],"texture":"#main"},"up":{"uv":[12,10,13,11],"texture":"#main"},"down":{"uv":[12,10,13,11],"texture":"#main"}}},{"from":[13,5,7],"to":[14,6,8],"faces":{"north":{"uv":[13,10,14,11],"texture":"#main"},"east":{"uv":[13,10,14,11],"texture":"#main"},"south":{"uv":[13,10,14,11],"texture":"#main"},"west":{"uv":[13,10,14,11],"texture":"#main"},"up":{"uv":[13,10,14,11],"texture":"#main"},"down":{"uv":[13,10,14,11],"texture":"#main"}}},{"from":[14,5,7],"to":[15,6,8],"faces":{"north":{"uv":[14,10,15,11],"texture":"#main"},"east":{"uv":[14,10,15,11],"texture":"#main"},"south":{"uv":[14,10,15,11],"texture":"#main"},"west":{"uv":[14,10,15,11],"texture":"#main"},"up":{"uv":[14,10,15,11],"texture":"#main"},"down":{"uv":[14,10,15,11],"texture":"#main"}}},{"from":[1,4,7],"to":[2,5,8],"faces":{"north":{"uv":[1,11,2,12],"texture":"#main"},"east":{"uv":[1,11,2,12],"texture":"#main"},"south":{"uv":[1,11,2,12],"texture":"#main"},"west":{"uv":[1,11,2,12],"texture":"#main"},"up":{"uv":[1,11,2,12],"texture":"#main"},"down":{"uv":[1,11,2,12],"texture":"#main"}}},{"from":[2,4,7],"to":[3,5,8],"faces":{"north":{"uv":[2,11,3,12],"texture":"#main"},"east":{"uv":[2,11,3,12],"texture":"#main"},"south":{"uv":[2,11,3,12],"texture":"#main"},"west":{"uv":[2,11,3,12],"texture":"#main"},"up":{"uv":[2,11,3,12],"texture":"#main"},"down":{"uv":[2,11,3,12],"texture":"#main"}}},{"from":[3,4,7],"to":[4,5,8],"faces":{"north":{"uv":[3,11,4,12],"texture":"#main"},"east":{"uv":[3,11,4,12],"texture":"#main"},"south":{"uv":[3,11,4,12],"texture":"#main"},"west":{"uv":[3,11,4,12],"texture":"#main"},"up":{"uv":[3,11,4,12],"texture":"#main"},"down":{"uv":[3,11,4,12],"texture":"#main"}}},{"from":[4,4,7],"to":[5,5,8],"faces":{"north":{"uv":[4,11,5,12],"texture":"#main"},"east":{"uv":[4,11,5,12],"texture":"#main"},"south":{"uv":[4,11,5,12],"texture":"#main"},"west":{"uv":[4,11,5,12],"texture":"#main"},"up":{"uv":[4,11,5,12],"texture":"#main"},"down":{"uv":[4,11,5,12],"texture":"#main"}}},{"from":[5,4,7],"to":[6,5,8],"faces":{"north":{"uv":[5,11,6,12],"texture":"#main"},"east":{"uv":[5,11,6,12],"texture":"#main"},"south":{"uv":[5,11,6,12],"texture":"#main"},"west":{"uv":[5,11,6,12],"texture":"#main"},"up":{"uv":[5,11,6,12],"texture":"#main"},"down":{"uv":[5,11,6,12],"texture":"#main"}}},{"from":[6,4,7],"to":[7,5,8],"faces":{"north":{"uv":[6,11,7,12],"texture":"#main"},"east":{"uv":[6,11,7,12],"texture":"#main"},"south":{"uv":[6,11,7,12],"texture":"#main"},"west":{"uv":[6,11,7,12],"texture":"#main"},"up":{"uv":[6,11,7,12],"texture":"#main"},"down":{"uv":[6,11,7,12],"texture":"#main"}}},{"from":[7,4,7],"to":[8,5,8],"faces":{"north":{"uv":[7,11,8,12],"texture":"#main"},"east":{"uv":[7,11,8,12],"texture":"#main"},"south":{"uv":[7,11,8,12],"texture":"#main"},"west":{"uv":[7,11,8,12],"texture":"#main"},"up":{"uv":[7,11,8,12],"texture":"#main"},"down":{"uv":[7,11,8,12],"texture":"#main"}}},{"from":[8,4,7],"to":[9,5,8],"faces":{"north":{"uv":[8,11,9,12],"texture":"#main"},"east":{"uv":[8,11,9,12],"texture":"#main"},"south":{"uv":[8,11,9,12],"texture":"#main"},"west":{"uv":[8,11,9,12],"texture":"#main"},"up":{"uv":[8,11,9,12],"texture":"#main"},"down":{"uv":[8,11,9,12],"texture":"#main"}}},{"from":[9,4,7],"to":[10,5,8],"faces":{"north":{"uv":[9,11,10,12],"texture":"#main"},"east":{"uv":[9,11,10,12],"texture":"#main"},"south":{"uv":[9,11,10,12],"texture":"#main"},"west":{"uv":[9,11,10,12],"texture":"#main"},"up":{"uv":[9,11,10,12],"texture":"#main"},"down":{"uv":[9,11,10,12],"texture":"#main"}}},{"from":[10,4,7],"to":[11,5,8],"faces":{"north":{"uv":[10,11,11,12],"texture":"#main"},"east":{"uv":[10,11,11,12],"texture":"#main"},"south":{"uv":[10,11,11,12],"texture":"#main"},"west":{"uv":[10,11,11,12],"texture":"#main"},"up":{"uv":[10,11,11,12],"texture":"#main"},"down":{"uv":[10,11,11,12],"texture":"#main"}}},{"from":[11,4,7],"to":[12,5,8],"faces":{"north":{"uv":[11,11,12,12],"texture":"#main"},"east":{"uv":[11,11,12,12],"texture":"#main"},"south":{"uv":[11,11,12,12],"texture":"#main"},"west":{"uv":[11,11,12,12],"texture":"#main"},"up":{"uv":[11,11,12,12],"texture":"#main"},"down":{"uv":[11,11,12,12],"texture":"#main"}}},{"from":[12,4,7],"to":[13,5,8],"faces":{"north":{"uv":[12,11,13,12],"texture":"#main"},"east":{"uv":[12,11,13,12],"texture":"#main"},"south":{"uv":[12,11,13,12],"texture":"#main"},"west":{"uv":[12,11,13,12],"texture":"#main"},"up":{"uv":[12,11,13,12],"texture":"#main"},"down":{"uv":[12,11,13,12],"texture":"#main"}}},{"from":[13,4,7],"to":[14,5,8],"faces":{"north":{"uv":[13,11,14,12],"texture":"#main"},"east":{"uv":[13,11,14,12],"texture":"#main"},"south":{"uv":[13,11,14,12],"texture":"#main"},"west":{"uv":[13,11,14,12],"texture":"#main"},"up":{"uv":[13,11,14,12],"texture":"#main"},"down":{"uv":[13,11,14,12],"texture":"#main"}}},{"from":[14,4,7],"to":[15,5,8],"faces":{"north":{"uv":[14,11,15,12],"texture":"#main"},"east":{"uv":[14,11,15,12],"texture":"#main"},"south":{"uv":[14,11,15,12],"texture":"#main"},"west":{"uv":[14,11,15,12],"texture":"#main"},"up":{"uv":[14,11,15,12],"texture":"#main"},"down":{"uv":[14,11,15,12],"texture":"#main"}}},{"from":[2,3,7],"to":[3,4,8],"faces":{"north":{"uv":[2,12,3,13],"texture":"#main"},"east":{"uv":[2,12,3,13],"texture":"#main"},"south":{"uv":[2,12,3,13],"texture":"#main"},"west":{"uv":[2,12,3,13],"texture":"#main"},"up":{"uv":[2,12,3,13],"texture":"#main"},"down":{"uv":[2,12,3,13],"texture":"#main"}}},{"from":[3,3,7],"to":[4,4,8],"faces":{"north":{"uv":[3,12,4,13],"texture":"#main"},"east":{"uv":[3,12,4,13],"texture":"#main"},"south":{"uv":[3,12,4,13],"texture":"#main"},"west":{"uv":[3,12,4,13],"texture":"#main"},"up":{"uv":[3,12,4,13],"texture":"#main"},"down":{"uv":[3,12,4,13],"texture":"#main"}}},{"from":[4,3,7],"to":[5,4,8],"faces":{"north":{"uv":[4,12,5,13],"texture":"#main"},"east":{"uv":[4,12,5,13],"texture":"#main"},"south":{"uv":[4,12,5,13],"texture":"#main"},"west":{"uv":[4,12,5,13],"texture":"#main"},"up":{"uv":[4,12,5,13],"texture":"#main"},"down":{"uv":[4,12,5,13],"texture":"#main"}}},{"from":[5,3,7],"to":[6,4,8],"faces":{"north":{"uv":[5,12,6,13],"texture":"#main"},"east":{"uv":[5,12,6,13],"texture":"#main"},"south":{"uv":[5,12,6,13],"texture":"#main"},"west":{"uv":[5,12,6,13],"texture":"#main"},"up":{"uv":[5,12,6,13],"texture":"#main"},"down":{"uv":[5,12,6,13],"texture":"#main"}}},{"from":[6,3,7],"to":[7,4,8],"faces":{"north":{"uv":[6,12,7,13],"texture":"#main"},"east":{"uv":[6,12,7,13],"texture":"#main"},"south":{"uv":[6,12,7,13],"texture":"#main"},"west":{"uv":[6,12,7,13],"texture":"#main"},"up":{"uv":[6,12,7,13],"texture":"#main"},"down":{"uv":[6,12,7,13],"texture":"#main"}}},{"from":[7,3,7],"to":[8,4,8],"faces":{"north":{"uv":[7,12,8,13],"texture":"#main"},"east":{"uv":[7,12,8,13],"texture":"#main"},"south":{"uv":[7,12,8,13],"texture":"#main"},"west":{"uv":[7,12,8,13],"texture":"#main"},"up":{"uv":[7,12,8,13],"texture":"#main"},"down":{"uv":[7,12,8,13],"texture":"#main"}}},{"from":[8,3,7],"to":[9,4,8],"faces":{"north":{"uv":[8,12,9,13],"texture":"#main"},"east":{"uv":[8,12,9,13],"texture":"#main"},"south":{"uv":[8,12,9,13],"texture":"#main"},"west":{"uv":[8,12,9,13],"texture":"#main"},"up":{"uv":[8,12,9,13],"texture":"#main"},"down":{"uv":[8,12,9,13],"texture":"#main"}}},{"from":[9,3,7],"to":[10,4,8],"faces":{"north":{"uv":[9,12,10,13],"texture":"#main"},"east":{"uv":[9,12,10,13],"texture":"#main"},"south":{"uv":[9,12,10,13],"texture":"#main"},"west":{"uv":[9,12,10,13],"texture":"#main"},"up":{"uv":[9,12,10,13],"texture":"#main"},"down":{"uv":[9,12,10,13],"texture":"#main"}}},{"from":[10,3,7],"to":[11,4,8],"faces":{"north":{"uv":[10,12,11,13],"texture":"#main"},"east":{"uv":[10,12,11,13],"texture":"#main"},"south":{"uv":[10,12,11,13],"texture":"#main"},"west":{"uv":[10,12,11,13],"texture":"#main"},"up":{"uv":[10,12,11,13],"texture":"#main"},"down":{"uv":[10,12,11,13],"texture":"#main"}}},{"from":[11,3,7],"to":[12,4,8],"faces":{"north":{"uv":[11,12,12,13],"texture":"#main"},"east":{"uv":[11,12,12,13],"texture":"#main"},"south":{"uv":[11,12,12,13],"texture":"#main"},"west":{"uv":[11,12,12,13],"texture":"#main"},"up":{"uv":[11,12,12,13],"texture":"#main"},"down":{"uv":[11,12,12,13],"texture":"#main"}}},{"from":[12,3,7],"to":[13,4,8],"faces":{"north":{"uv":[12,12,13,13],"texture":"#main"},"east":{"uv":[12,12,13,13],"texture":"#main"},"south":{"uv":[12,12,13,13],"texture":"#main"},"west":{"uv":[12,12,13,13],"texture":"#main"},"up":{"uv":[12,12,13,13],"texture":"#main"},"down":{"uv":[12,12,13,13],"texture":"#main"}}},{"from":[13,3,7],"to":[14,4,8],"faces":{"north":{"uv":[13,12,14,13],"texture":"#main"},"east":{"uv":[13,12,14,13],"texture":"#main"},"south":{"uv":[13,12,14,13],"texture":"#main"},"west":{"uv":[13,12,14,13],"texture":"#main"},"up":{"uv":[13,12,14,13],"texture":"#main"},"down":{"uv":[13,12,14,13],"texture":"#main"}}},{"from":[3,2,7],"to":[4,3,8],"faces":{"north":{"uv":[3,13,4,14],"texture":"#main"},"east":{"uv":[3,13,4,14],"texture":"#main"},"south":{"uv":[3,13,4,14],"texture":"#main"},"west":{"uv":[3,13,4,14],"texture":"#main"},"up":{"uv":[3,13,4,14],"texture":"#main"},"down":{"uv":[3,13,4,14],"texture":"#main"}}},{"from":[4,2,7],"to":[5,3,8],"faces":{"north":{"uv":[4,13,5,14],"texture":"#main"},"east":{"uv":[4,13,5,14],"texture":"#main"},"south":{"uv":[4,13,5,14],"texture":"#main"},"west":{"uv":[4,13,5,14],"texture":"#main"},"up":{"uv":[4,13,5,14],"texture":"#main"},"down":{"uv":[4,13,5,14],"texture":"#main"}}},{"from":[5,2,7],"to":[6,3,8],"faces":{"north":{"uv":[5,13,6,14],"texture":"#main"},"east":{"uv":[5,13,6,14],"texture":"#main"},"south":{"uv":[5,13,6,14],"texture":"#main"},"west":{"uv":[5,13,6,14],"texture":"#main"},"up":{"uv":[5,13,6,14],"texture":"#main"},"down":{"uv":[5,13,6,14],"texture":"#main"}}},{"from":[6,2,7],"to":[7,3,8],"faces":{"north":{"uv":[6,13,7,14],"texture":"#main"},"east":{"uv":[6,13,7,14],"texture":"#main"},"south":{"uv":[6,13,7,14],"texture":"#main"},"west":{"uv":[6,13,7,14],"texture":"#main"},"up":{"uv":[6,13,7,14],"texture":"#main"},"down":{"uv":[6,13,7,14],"texture":"#main"}}},{"from":[7,2,7],"to":[8,3,8],"faces":{"north":{"uv":[7,13,8,14],"texture":"#main"},"east":{"uv":[7,13,8,14],"texture":"#main"},"south":{"uv":[7,13,8,14],"texture":"#main"},"west":{"uv":[7,13,8,14],"texture":"#main"},"up":{"uv":[7,13,8,14],"texture":"#main"},"down":{"uv":[7,13,8,14],"texture":"#main"}}},{"from":[8,2,7],"to":[9,3,8],"faces":{"north":{"uv":[8,13,9,14],"texture":"#main"},"east":{"uv":[8,13,9,14],"texture":"#main"},"south":{"uv":[8,13,9,14],"texture":"#main"},"west":{"uv":[8,13,9,14],"texture":"#main"},"up":{"uv":[8,13,9,14],"texture":"#main"},"down":{"uv":[8,13,9,14],"texture":"#main"}}},{"from":[9,2,7],"to":[10,3,8],"faces":{"north":{"uv":[9,13,10,14],"texture":"#main"},"east":{"uv":[9,13,10,14],"texture":"#main"},"south":{"uv":[9,13,10,14],"texture":"#main"},"west":{"uv":[9,13,10,14],"texture":"#main"},"up":{"uv":[9,13,10,14],"texture":"#main"},"down":{"uv":[9,13,10,14],"texture":"#main"}}},{"from":[10,2,7],"to":[11,3,8],"faces":{"north":{"uv":[10,13,11,14],"texture":"#main"},"east":{"uv":[10,13,11,14],"texture":"#main"},"south":{"uv":[10,13,11,14],"texture":"#main"},"west":{"uv":[10,13,11,14],"texture":"#main"},"up":{"uv":[10,13,11,14],"texture":"#main"},"down":{"uv":[10,13,11,14],"texture":"#main"}}},{"from":[11,2,7],"to":[12,3,8],"faces":{"north":{"uv":[11,13,12,14],"texture":"#main"},"east":{"uv":[11,13,12,14],"texture":"#main"},"south":{"uv":[11,13,12,14],"texture":"#main"},"west":{"uv":[11,13,12,14],"texture":"#main"},"up":{"uv":[11,13,12,14],"texture":"#main"},"down":{"uv":[11,13,12,14],"texture":"#main"}}},{"from":[12,2,7],"to":[13,3,8],"faces":{"north":{"uv":[12,13,13,14],"texture":"#main"},"east":{"uv":[12,13,13,14],"texture":"#main"},"south":{"uv":[12,13,13,14],"texture":"#main"},"west":{"uv":[12,13,13,14],"texture":"#main"},"up":{"uv":[12,13,13,14],"texture":"#main"},"down":{"uv":[12,13,13,14],"texture":"#main"}}},{"from":[5,1,7],"to":[6,2,8],"faces":{"north":{"uv":[5,14,6,15],"texture":"#main"},"east":{"uv":[5,14,6,15],"texture":"#main"},"south":{"uv":[5,14,6,15],"texture":"#main"},"west":{"uv":[5,14,6,15],"texture":"#main"},"up":{"uv":[5,14,6,15],"texture":"#main"},"down":{"uv":[5,14,6,15],"texture":"#main"}}},{"from":[6,1,7],"to":[7,2,8],"faces":{"north":{"uv":[6,14,7,15],"texture":"#main"},"east":{"uv":[6,14,7,15],"texture":"#main"},"south":{"uv":[6,14,7,15],"texture":"#main"},"west":{"uv":[6,14,7,15],"texture":"#main"},"up":{"uv":[6,14,7,15],"texture":"#main"},"down":{"uv":[6,14,7,15],"texture":"#main"}}},{"from":[7,1,7],"to":[8,2,8],"faces":{"north":{"uv":[7,14,8,15],"texture":"#main"},"east":{"uv":[7,14,8,15],"texture":"#main"},"south":{"uv":[7,14,8,15],"texture":"#main"},"west":{"uv":[7,14,8,15],"texture":"#main"},"up":{"uv":[7,14,8,15],"texture":"#main"},"down":{"uv":[7,14,8,15],"texture":"#main"}}},{"from":[8,1,7],"to":[9,2,8],"faces":{"north":{"uv":[8,14,9,15],"texture":"#main"},"east":{"uv":[8,14,9,15],"texture":"#main"},"south":{"uv":[8,14,9,15],"texture":"#main"},"west":{"uv":[8,14,9,15],"texture":"#main"},"up":{"uv":[8,14,9,15],"texture":"#main"},"down":{"uv":[8,14,9,15],"texture":"#main"}}},{"from":[9,1,7],"to":[10,2,8],"faces":{"north":{"uv":[9,14,10,15],"texture":"#main"},"east":{"uv":[9,14,10,15],"texture":"#main"},"south":{"uv":[9,14,10,15],"texture":"#main"},"west":{"uv":[9,14,10,15],"texture":"#main"},"up":{"uv":[9,14,10,15],"texture":"#main"},"down":{"uv":[9,14,10,15],"texture":"#main"}}},{"from":[10,1,7],"to":[11,2,8],"faces":{"north":{"uv":[10,14,11,15],"texture":"#main"},"east":{"uv":[10,14,11,15],"texture":"#main"},"south":{"uv":[10,14,11,15],"texture":"#main"},"west":{"uv":[10,14,11,15],"texture":"#main"},"up":{"uv":[10,14,11,15],"texture":"#main"},"down":{"uv":[10,14,11,15],"texture":"#main"}}}],"display":{"ground":{"rotation":[0,0,0],"translation":[0,2,0],"scale":[0.5,0.5,0.5]},"head":{"rotation":[0,180,0],"translation":[0,13,7],"scale":[1,1,1]},"thirdperson_righthand":{"rotation":[0,0,0],"translation":[0,3,1],"scale":[0.55,0.55,0.55]},"firstperson_righthand":{"rotation":[0,-90,25],"translation":[1.13,3.2,1.13],"scale":[0.68,0.68,0.68]},"fixed":{"rotation":[0,180,0],"scale":[1,1,1]}}}