{"textures":{"main":"cft:item/dropper/gumdrop","glass":"minecraft:block/glass"},"elements":[{"from":[6,5,7],"to":[7,6,8],"faces":{"north":{"uv":[6,10,7,11],"texture":"#main"},"east":{"uv":[6,10,7,11],"texture":"#main"},"south":{"uv":[6,10,7,11],"texture":"#main"},"west":{"uv":[6,10,7,11],"texture":"#main"},"up":{"uv":[6,10,7,11],"texture":"#main"},"down":{"uv":[6,10,7,11],"texture":"#main"}}},{"from":[7,5,7],"to":[8,6,8],"faces":{"north":{"uv":[7,10,8,11],"texture":"#main"},"east":{"uv":[7,10,8,11],"texture":"#main"},"south":{"uv":[7,10,8,11],"texture":"#main"},"west":{"uv":[7,10,8,11],"texture":"#main"},"up":{"uv":[7,10,8,11],"texture":"#main"},"down":{"uv":[7,10,8,11],"texture":"#main"}}},{"from":[8,5,7],"to":[9,6,8],"faces":{"north":{"uv":[8,10,9,11],"texture":"#main"},"east":{"uv":[8,10,9,11],"texture":"#main"},"south":{"uv":[8,10,9,11],"texture":"#main"},"west":{"uv":[8,10,9,11],"texture":"#main"},"up":{"uv":[8,10,9,11],"texture":"#main"},"down":{"uv":[8,10,9,11],"texture":"#main"}}},{"from":[9,5,7],"to":[10,6,8],"faces":{"north":{"uv":[9,10,10,11],"texture":"#main"},"east":{"uv":[9,10,10,11],"texture":"#main"},"south":{"uv":[9,10,10,11],"texture":"#main"},"west":{"uv":[9,10,10,11],"texture":"#main"},"up":{"uv":[9,10,10,11],"texture":"#main"},"down":{"uv":[9,10,10,11],"texture":"#main"}}},{"from":[5,4,7],"to":[6,5,8],"faces":{"north":{"uv":[5,11,6,12],"texture":"#main"},"east":{"uv":[5,11,6,12],"texture":"#main"},"south":{"uv":[5,11,6,12],"texture":"#main"},"west":{"uv":[5,11,6,12],"texture":"#main"},"up":{"uv":[5,11,6,12],"texture":"#main"},"down":{"uv":[5,11,6,12],"texture":"#main"}}},{"from":[6,4,7],"to":[7,5,8],"faces":{"north":{"uv":[6,11,7,12],"texture":"#main"},"east":{"uv":[6,11,7,12],"texture":"#main"},"south":{"uv":[6,11,7,12],"texture":"#main"},"west":{"uv":[6,11,7,12],"texture":"#main"},"up":{"uv":[6,11,7,12],"texture":"#main"},"down":{"uv":[6,11,7,12],"texture":"#main"}}},{"from":[7,4,7],"to":[8,5,8],"faces":{"north":{"uv":[7,11,8,12],"texture":"#main"},"east":{"uv":[7,11,8,12],"texture":"#main"},"south":{"uv":[7,11,8,12],"texture":"#main"},"west":{"uv":[7,11,8,12],"texture":"#main"},"up":{"uv":[7,11,8,12],"texture":"#main"},"down":{"uv":[7,11,8,12],"texture":"#main"}}},{"from":[8,4,7],"to":[9,5,8],"faces":{"north":{"uv":[8,11,9,12],"texture":"#main"},"east":{"uv":[8,11,9,12],"texture":"#main"},"south":{"uv":[8,11,9,12],"texture":"#main"},"west":{"uv":[8,11,9,12],"texture":"#main"},"up":{"uv":[8,11,9,12],"texture":"#main"},"down":{"uv":[8,11,9,12],"texture":"#main"}}},{"from":[9,4,7],"to":[10,5,8],"faces":{"north":{"uv":[9,11,10,12],"texture":"#main"},"east":{"uv":[9,11,10,12],"texture":"#main"},"south":{"uv":[9,11,10,12],"texture":"#main"},"west":{"uv":[9,11,10,12],"texture":"#main"},"up":{"uv":[9,11,10,12],"texture":"#main"},"down":{"uv":[9,11,10,12],"texture":"#main"}}},{"from":[10,4,7],"to":[11,5,8],"faces":{"north":{"uv":[10,11,11,12],"texture":"#main"},"east":{"uv":[10,11,11,12],"texture":"#main"},"south":{"uv":[10,11,11,12],"texture":"#main"},"west":{"uv":[10,11,11,12],"texture":"#main"},"up":{"uv":[10,11,11,12],"texture":"#main"},"down":{"uv":[10,11,11,12],"texture":"#main"}}},{"from":[5,3,7],"to":[6,4,8],"faces":{"north":{"uv":[5,12,6,13],"texture":"#main"},"east":{"uv":[5,12,6,13],"texture":"#main"},"south":{"uv":[5,12,6,13],"texture":"#main"},"west":{"uv":[5,12,6,13],"texture":"#main"},"up":{"uv":[5,12,6,13],"texture":"#main"},"down":{"uv":[5,12,6,13],"texture":"#main"}}},{"from":[6,3,7],"to":[7,4,8],"faces":{"north":{"uv":[6,12,7,13],"texture":"#main"},"east":{"uv":[6,12,7,13],"texture":"#main"},"south":{"uv":[6,12,7,13],"texture":"#main"},"west":{"uv":[6,12,7,13],"texture":"#main"},"up":{"uv":[6,12,7,13],"texture":"#main"},"down":{"uv":[6,12,7,13],"texture":"#main"}}},{"from":[7,3,7],"to":[8,4,8],"faces":{"north":{"uv":[7,12,8,13],"texture":"#main"},"east":{"uv":[7,12,8,13],"texture":"#main"},"south":{"uv":[7,12,8,13],"texture":"#main"},"west":{"uv":[7,12,8,13],"texture":"#main"},"up":{"uv":[7,12,8,13],"texture":"#main"},"down":{"uv":[7,12,8,13],"texture":"#main"}}},{"from":[8,3,7],"to":[9,4,8],"faces":{"north":{"uv":[8,12,9,13],"texture":"#main"},"east":{"uv":[8,12,9,13],"texture":"#main"},"south":{"uv":[8,12,9,13],"texture":"#main"},"west":{"uv":[8,12,9,13],"texture":"#main"},"up":{"uv":[8,12,9,13],"texture":"#main"},"down":{"uv":[8,12,9,13],"texture":"#main"}}},{"from":[9,3,7],"to":[10,4,8],"faces":{"north":{"uv":[9,12,10,13],"texture":"#main"},"east":{"uv":[9,12,10,13],"texture":"#main"},"south":{"uv":[9,12,10,13],"texture":"#main"},"west":{"uv":[9,12,10,13],"texture":"#main"},"up":{"uv":[9,12,10,13],"texture":"#main"},"down":{"uv":[9,12,10,13],"texture":"#main"}}},{"from":[10,3,7],"to":[11,4,8],"faces":{"north":{"uv":[10,12,11,13],"texture":"#main"},"east":{"uv":[10,12,11,13],"texture":"#main"},"south":{"uv":[10,12,11,13],"texture":"#main"},"west":{"uv":[10,12,11,13],"texture":"#main"},"up":{"uv":[10,12,11,13],"texture":"#main"},"down":{"uv":[10,12,11,13],"texture":"#main"}}},{"from":[5,2,7],"to":[6,3,8],"faces":{"north":{"uv":[5,13,6,14],"texture":"#main"},"east":{"uv":[5,13,6,14],"texture":"#main"},"south":{"uv":[5,13,6,14],"texture":"#main"},"west":{"uv":[5,13,6,14],"texture":"#main"},"up":{"uv":[5,13,6,14],"texture":"#main"},"down":{"uv":[5,13,6,14],"texture":"#main"}}},{"from":[6,2,7],"to":[7,3,8],"faces":{"north":{"uv":[6,13,7,14],"texture":"#main"},"east":{"uv":[6,13,7,14],"texture":"#main"},"south":{"uv":[6,13,7,14],"texture":"#main"},"west":{"uv":[6,13,7,14],"texture":"#main"},"up":{"uv":[6,13,7,14],"texture":"#main"},"down":{"uv":[6,13,7,14],"texture":"#main"}}},{"from":[7,2,7],"to":[8,3,8],"faces":{"north":{"uv":[7,13,8,14],"texture":"#main"},"east":{"uv":[7,13,8,14],"texture":"#main"},"south":{"uv":[7,13,8,14],"texture":"#main"},"west":{"uv":[7,13,8,14],"texture":"#main"},"up":{"uv":[7,13,8,14],"texture":"#main"},"down":{"uv":[7,13,8,14],"texture":"#main"}}},{"from":[8,2,7],"to":[9,3,8],"faces":{"north":{"uv":[8,13,9,14],"texture":"#main"},"east":{"uv":[8,13,9,14],"texture":"#main"},"south":{"uv":[8,13,9,14],"texture":"#main"},"west":{"uv":[8,13,9,14],"texture":"#main"},"up":{"uv":[8,13,9,14],"texture":"#main"},"down":{"uv":[8,13,9,14],"texture":"#main"}}},{"from":[9,2,7],"to":[10,3,8],"faces":{"north":{"uv":[9,13,10,14],"texture":"#main"},"east":{"uv":[9,13,10,14],"texture":"#main"},"south":{"uv":[9,13,10,14],"texture":"#main"},"west":{"uv":[9,13,10,14],"texture":"#main"},"up":{"uv":[9,13,10,14],"texture":"#main"},"down":{"uv":[9,13,10,14],"texture":"#main"}}},{"from":[10,2,7],"to":[11,3,8],"faces":{"north":{"uv":[10,13,11,14],"texture":"#main"},"east":{"uv":[10,13,11,14],"texture":"#main"},"south":{"uv":[10,13,11,14],"texture":"#main"},"west":{"uv":[10,13,11,14],"texture":"#main"},"up":{"uv":[10,13,11,14],"texture":"#main"},"down":{"uv":[10,13,11,14],"texture":"#main"}}},{"from":[5,1,7],"to":[6,2,8],"faces":{"north":{"uv":[5,14,6,15],"texture":"#main"},"east":{"uv":[5,14,6,15],"texture":"#main"},"south":{"uv":[5,14,6,15],"texture":"#main"},"west":{"uv":[5,14,6,15],"texture":"#main"},"up":{"uv":[5,14,6,15],"texture":"#main"},"down":{"uv":[5,14,6,15],"texture":"#main"}}},{"from":[6,1,7],"to":[7,2,8],"faces":{"north":{"uv":[6,14,7,15],"texture":"#main"},"east":{"uv":[6,14,7,15],"texture":"#main"},"south":{"uv":[6,14,7,15],"texture":"#main"},"west":{"uv":[6,14,7,15],"texture":"#main"},"up":{"uv":[6,14,7,15],"texture":"#main"},"down":{"uv":[6,14,7,15],"texture":"#main"}}},{"from":[7,1,7],"to":[8,2,8],"faces":{"north":{"uv":[7,14,8,15],"texture":"#main"},"east":{"uv":[7,14,8,15],"texture":"#main"},"south":{"uv":[7,14,8,15],"texture":"#main"},"west":{"uv":[7,14,8,15],"texture":"#main"},"up":{"uv":[7,14,8,15],"texture":"#main"},"down":{"uv":[7,14,8,15],"texture":"#main"}}},{"from":[8,1,7],"to":[9,2,8],"faces":{"north":{"uv":[8,14,9,15],"texture":"#main"},"east":{"uv":[8,14,9,15],"texture":"#main"},"south":{"uv":[8,14,9,15],"texture":"#main"},"west":{"uv":[8,14,9,15],"texture":"#main"},"up":{"uv":[8,14,9,15],"texture":"#main"},"down":{"uv":[8,14,9,15],"texture":"#main"}}},{"from":[9,1,7],"to":[10,2,8],"faces":{"north":{"uv":[9,14,10,15],"texture":"#main"},"east":{"uv":[9,14,10,15],"texture":"#main"},"south":{"uv":[9,14,10,15],"texture":"#main"},"west":{"uv":[9,14,10,15],"texture":"#main"},"up":{"uv":[9,14,10,15],"texture":"#main"},"down":{"uv":[9,14,10,15],"texture":"#main"}}},{"from":[10,1,7],"to":[11,2,8],"faces":{"north":{"uv":[10,14,11,15],"texture":"#main"},"east":{"uv":[10,14,11,15],"texture":"#main"},"south":{"uv":[10,14,11,15],"texture":"#main"},"west":{"uv":[10,14,11,15],"texture":"#main"},"up":{"uv":[10,14,11,15],"texture":"#main"},"down":{"uv":[10,14,11,15],"texture":"#main"}}},{"from":[5,0,7],"to":[6,1,8],"faces":{"north":{"uv":[5,15,6,16],"texture":"#main"},"east":{"uv":[5,15,6,16],"texture":"#main"},"south":{"uv":[5,15,6,16],"texture":"#main"},"west":{"uv":[5,15,6,16],"texture":"#main"},"up":{"uv":[5,15,6,16],"texture":"#main"},"down":{"uv":[5,15,6,16],"texture":"#main"}}},{"from":[6,0,7],"to":[7,1,8],"faces":{"north":{"uv":[6,15,7,16],"texture":"#main"},"east":{"uv":[6,15,7,16],"texture":"#main"},"south":{"uv":[6,15,7,16],"texture":"#main"},"west":{"uv":[6,15,7,16],"texture":"#main"},"up":{"uv":[6,15,7,16],"texture":"#main"},"down":{"uv":[6,15,7,16],"texture":"#main"}}},{"from":[7,0,7],"to":[8,1,8],"faces":{"north":{"uv":[7,15,8,16],"texture":"#main"},"east":{"uv":[7,15,8,16],"texture":"#main"},"south":{"uv":[7,15,8,16],"texture":"#main"},"west":{"uv":[7,15,8,16],"texture":"#main"},"up":{"uv":[7,15,8,16],"texture":"#main"},"down":{"uv":[7,15,8,16],"texture":"#main"}}},{"from":[8,0,7],"to":[9,1,8],"faces":{"north":{"uv":[8,15,9,16],"texture":"#main"},"east":{"uv":[8,15,9,16],"texture":"#main"},"south":{"uv":[8,15,9,16],"texture":"#main"},"west":{"uv":[8,15,9,16],"texture":"#main"},"up":{"uv":[8,15,9,16],"texture":"#main"},"down":{"uv":[8,15,9,16],"texture":"#main"}}},{"from":[9,0,7],"to":[10,1,8],"faces":{"north":{"uv":[9,15,10,16],"texture":"#main"},"east":{"uv":[9,15,10,16],"texture":"#main"},"south":{"uv":[9,15,10,16],"texture":"#main"},"west":{"uv":[9,15,10,16],"texture":"#main"},"up":{"uv":[9,15,10,16],"texture":"#main"},"down":{"uv":[9,15,10,16],"texture":"#main"}}},{"from":[10,0,7],"to":[11,1,8],"faces":{"north":{"uv":[10,15,11,16],"texture":"#main"},"east":{"uv":[10,15,11,16],"texture":"#main"},"south":{"uv":[10,15,11,16],"texture":"#main"},"west":{"uv":[10,15,11,16],"texture":"#main"},"up":{"uv":[10,15,11,16],"texture":"#main"},"down":{"uv":[10,15,11,16],"texture":"#main"}}}],"display":{"ground":{"rotation":[0,0,0],"translation":[0,2,0],"scale":[0.5,0.5,0.5]},"head":{"rotation":[0,180,0],"translation":[0,13,7],"scale":[1,1,1]},"thirdperson_righthand":{"rotation":[0,0,0],"translation":[0,3,1],"scale":[0.55,0.55,0.55]},"firstperson_righthand":{"rotation":[0,-90,25],"translation":[1.13,3.2,1.13],"scale":[0.68,0.68,0.68]},"fixed":{"rotation":[0,180,0],"scale":[1,1,1]}}}