{"textures":{"main":"cft:item/dropper/nerds","glass":"minecraft:block/glass"},"elements":[{"from":[1,15,7],"to":[2,16,8],"faces":{"north":{"uv":[1,0,2,1],"texture":"#main"},"east":{"uv":[1,0,2,1],"texture":"#main"},"south":{"uv":[1,0,2,1],"texture":"#main"},"west":{"uv":[1,0,2,1],"texture":"#main"},"up":{"uv":[1,0,2,1],"texture":"#main"},"down":{"uv":[1,0,2,1],"texture":"#main"}}},{"from":[3,14,7],"to":[4,15,8],"faces":{"north":{"uv":[3,1,4,2],"texture":"#main"},"east":{"uv":[3,1,4,2],"texture":"#main"},"south":{"uv":[3,1,4,2],"texture":"#main"},"west":{"uv":[3,1,4,2],"texture":"#main"},"up":{"uv":[3,1,4,2],"texture":"#main"},"down":{"uv":[3,1,4,2],"texture":"#main"}}},{"from":[6,14,7],"to":[7,15,8],"faces":{"north":{"uv":[6,1,7,2],"texture":"#main"},"east":{"uv":[6,1,7,2],"texture":"#main"},"south":{"uv":[6,1,7,2],"texture":"#main"},"west":{"uv":[6,1,7,2],"texture":"#main"},"up":{"uv":[6,1,7,2],"texture":"#main"},"down":{"uv":[6,1,7,2],"texture":"#main"}}},{"from":[7,14,7],"to":[8,15,8],"faces":{"north":{"uv":[7,1,8,2],"texture":"#main"},"east":{"uv":[7,1,8,2],"texture":"#main"},"south":{"uv":[7,1,8,2],"texture":"#main"},"west":{"uv":[7,1,8,2],"texture":"#main"},"up":{"uv":[7,1,8,2],"texture":"#main"},"down":{"uv":[7,1,8,2],"texture":"#main"}}},{"from":[13,14,7],"to":[14,15,8],"faces":{"north":{"uv":[13,1,14,2],"texture":"#main"},"east":{"uv":[13,1,14,2],"texture":"#main"},"south":{"uv":[13,1,14,2],"texture":"#main"},"west":{"uv":[13,1,14,2],"texture":"#main"},"up":{"uv":[13,1,14,2],"texture":"#main"},"down":{"uv":[13,1,14,2],"texture":"#main"}}},{"from":[0,13,7],"to":[1,14,8],"faces":{"north":{"uv":[0,2,1,3],"texture":"#main"},"east":{"uv":[0,2,1,3],"texture":"#main"},"south":{"uv":[0,2,1,3],"texture":"#main"},"west":{"uv":[0,2,1,3],"texture":"#main"},"up":{"uv":[0,2,1,3],"texture":"#main"},"down":{"uv":[0,2,1,3],"texture":"#main"}}},{"from":[4,13,7],"to":[5,14,8],"faces":{"north":{"uv":[4,2,5,3],"texture":"#main"},"east":{"uv":[4,2,5,3],"texture":"#main"},"south":{"uv":[4,2,5,3],"texture":"#main"},"west":{"uv":[4,2,5,3],"texture":"#main"},"up":{"uv":[4,2,5,3],"texture":"#main"},"down":{"uv":[4,2,5,3],"texture":"#main"}}},{"from":[8,13,7],"to":[9,14,8],"faces":{"north":{"uv":[8,2,9,3],"texture":"#main"},"east":{"uv":[8,2,9,3],"texture":"#main"},"south":{"uv":[8,2,9,3],"texture":"#main"},"west":{"uv":[8,2,9,3],"texture":"#main"},"up":{"uv":[8,2,9,3],"texture":"#main"},"down":{"uv":[8,2,9,3],"texture":"#main"}}},{"from":[9,13,7],"to":[10,14,8],"faces":{"north":{"uv":[9,2,10,3],"texture":"#main"},"east":{"uv":[9,2,10,3],"texture":"#main"},"south":{"uv":[9,2,10,3],"texture":"#main"},"west":{"uv":[9,2,10,3],"texture":"#main"},"up":{"uv":[9,2,10,3],"texture":"#main"},"down":{"uv":[9,2,10,3],"texture":"#main"}}},{"from":[1,12,7],"to":[2,13,8],"faces":{"north":{"uv":[1,3,2,4],"texture":"#main"},"east":{"uv":[1,3,2,4],"texture":"#main"},"south":{"uv":[1,3,2,4],"texture":"#main"},"west":{"uv":[1,3,2,4],"texture":"#main"},"up":{"uv":[1,3,2,4],"texture":"#main"},"down":{"uv":[1,3,2,4],"texture":"#main"}}},{"from":[3,12,7],"to":[4,13,8],"faces":{"north":{"uv":[3,3,4,4],"texture":"#main"},"east":{"uv":[3,3,4,4],"texture":"#main"},"south":{"uv":[3,3,4,4],"texture":"#main"},"west":{"uv":[3,3,4,4],"texture":"#main"},"up":{"uv":[3,3,4,4],"texture":"#main"},"down":{"uv":[3,3,4,4],"texture":"#main"}}},{"from":[5,12,7],"to":[6,13,8],"faces":{"north":{"uv":[5,3,6,4],"texture":"#main"},"east":{"uv":[5,3,6,4],"texture":"#main"},"south":{"uv":[5,3,6,4],"texture":"#main"},"west":{"uv":[5,3,6,4],"texture":"#main"},"up":{"uv":[5,3,6,4],"texture":"#main"},"down":{"uv":[5,3,6,4],"texture":"#main"}}},{"from":[7,12,7],"to":[8,13,8],"faces":{"north":{"uv":[7,3,8,4],"texture":"#main"},"east":{"uv":[7,3,8,4],"texture":"#main"},"south":{"uv":[7,3,8,4],"texture":"#main"},"west":{"uv":[7,3,8,4],"texture":"#main"},"up":{"uv":[7,3,8,4],"texture":"#main"},"down":{"uv":[7,3,8,4],"texture":"#main"}}},{"from":[10,12,7],"to":[11,13,8],"faces":{"north":{"uv":[10,3,11,4],"texture":"#main"},"east":{"uv":[10,3,11,4],"texture":"#main"},"south":{"uv":[10,3,11,4],"texture":"#main"},"west":{"uv":[10,3,11,4],"texture":"#main"},"up":{"uv":[10,3,11,4],"texture":"#main"},"down":{"uv":[10,3,11,4],"texture":"#main"}}},{"from":[12,12,7],"to":[13,13,8],"faces":{"north":{"uv":[12,3,13,4],"texture":"#main"},"east":{"uv":[12,3,13,4],"texture":"#main"},"south":{"uv":[12,3,13,4],"texture":"#main"},"west":{"uv":[12,3,13,4],"texture":"#main"},"up":{"uv":[12,3,13,4],"texture":"#main"},"down":{"uv":[12,3,13,4],"texture":"#main"}}},{"from":[15,12,7],"to":[16,13,8],"faces":{"north":{"uv":[15,3,16,4],"texture":"#main"},"east":{"uv":[15,3,16,4],"texture":"#main"},"south":{"uv":[15,3,16,4],"texture":"#main"},"west":{"uv":[15,3,16,4],"texture":"#main"},"up":{"uv":[15,3,16,4],"texture":"#main"},"down":{"uv":[15,3,16,4],"texture":"#main"}}},{"from":[4,11,7],"to":[5,12,8],"faces":{"north":{"uv":[4,4,5,5],"texture":"#main"},"east":{"uv":[4,4,5,5],"texture":"#main"},"south":{"uv":[4,4,5,5],"texture":"#main"},"west":{"uv":[4,4,5,5],"texture":"#main"},"up":{"uv":[4,4,5,5],"texture":"#main"},"down":{"uv":[4,4,5,5],"texture":"#main"}}},{"from":[8,11,7],"to":[9,12,8],"faces":{"north":{"uv":[8,4,9,5],"texture":"#main"},"east":{"uv":[8,4,9,5],"texture":"#main"},"south":{"uv":[8,4,9,5],"texture":"#main"},"west":{"uv":[8,4,9,5],"texture":"#main"},"up":{"uv":[8,4,9,5],"texture":"#main"},"down":{"uv":[8,4,9,5],"texture":"#main"}}},{"from":[14,11,7],"to":[15,12,8],"faces":{"north":{"uv":[14,4,15,5],"texture":"#main"},"east":{"uv":[14,4,15,5],"texture":"#main"},"south":{"uv":[14,4,15,5],"texture":"#main"},"west":{"uv":[14,4,15,5],"texture":"#main"},"up":{"uv":[14,4,15,5],"texture":"#main"},"down":{"uv":[14,4,15,5],"texture":"#main"}}},{"from":[0,10,7],"to":[1,11,8],"faces":{"north":{"uv":[0,5,1,6],"texture":"#main"},"east":{"uv":[0,5,1,6],"texture":"#main"},"south":{"uv":[0,5,1,6],"texture":"#main"},"west":{"uv":[0,5,1,6],"texture":"#main"},"up":{"uv":[0,5,1,6],"texture":"#main"},"down":{"uv":[0,5,1,6],"texture":"#main"}}},{"from":[2,10,7],"to":[3,11,8],"faces":{"north":{"uv":[2,5,3,6],"texture":"#main"},"east":{"uv":[2,5,3,6],"texture":"#main"},"south":{"uv":[2,5,3,6],"texture":"#main"},"west":{"uv":[2,5,3,6],"texture":"#main"},"up":{"uv":[2,5,3,6],"texture":"#main"},"down":{"uv":[2,5,3,6],"texture":"#main"}}},{"from":[4,10,7],"to":[5,11,8],"faces":{"north":{"uv":[4,5,5,6],"texture":"#main"},"east":{"uv":[4,5,5,6],"texture":"#main"},"south":{"uv":[4,5,5,6],"texture":"#main"},"west":{"uv":[4,5,5,6],"texture":"#main"},"up":{"uv":[4,5,5,6],"texture":"#main"},"down":{"uv":[4,5,5,6],"texture":"#main"}}},{"from":[6,10,7],"to":[7,11,8],"faces":{"north":{"uv":[6,5,7,6],"texture":"#main"},"east":{"uv":[6,5,7,6],"texture":"#main"},"south":{"uv":[6,5,7,6],"texture":"#main"},"west":{"uv":[6,5,7,6],"texture":"#main"},"up":{"uv":[6,5,7,6],"texture":"#main"},"down":{"uv":[6,5,7,6],"texture":"#main"}}},{"from":[7,10,7],"to":[8,11,8],"faces":{"north":{"uv":[7,5,8,6],"texture":"#main"},"east":{"uv":[7,5,8,6],"texture":"#main"},"south":{"uv":[7,5,8,6],"texture":"#main"},"west":{"uv":[7,5,8,6],"texture":"#main"},"up":{"uv":[7,5,8,6],"texture":"#main"},"down":{"uv":[7,5,8,6],"texture":"#main"}}},{"from":[9,10,7],"to":[10,11,8],"faces":{"north":{"uv":[9,5,10,6],"texture":"#main"},"east":{"uv":[9,5,10,6],"texture":"#main"},"south":{"uv":[9,5,10,6],"texture":"#main"},"west":{"uv":[9,5,10,6],"texture":"#main"},"up":{"uv":[9,5,10,6],"texture":"#main"},"down":{"uv":[9,5,10,6],"texture":"#main"}}},{"from":[12,10,7],"to":[13,11,8],"faces":{"north":{"uv":[12,5,13,6],"texture":"#main"},"east":{"uv":[12,5,13,6],"texture":"#main"},"south":{"uv":[12,5,13,6],"texture":"#main"},"west":{"uv":[12,5,13,6],"texture":"#main"},"up":{"uv":[12,5,13,6],"texture":"#main"},"down":{"uv":[12,5,13,6],"texture":"#main"}}},{"from":[3,9,7],"to":[4,10,8],"faces":{"north":{"uv":[3,6,4,7],"texture":"#main"},"east":{"uv":[3,6,4,7],"texture":"#main"},"south":{"uv":[3,6,4,7],"texture":"#main"},"west":{"uv":[3,6,4,7],"texture":"#main"},"up":{"uv":[3,6,4,7],"texture":"#main"},"down":{"uv":[3,6,4,7],"texture":"#main"}}},{"from":[5,9,7],"to":[6,10,8],"faces":{"north":{"uv":[5,6,6,7],"texture":"#main"},"east":{"uv":[5,6,6,7],"texture":"#main"},"south":{"uv":[5,6,6,7],"texture":"#main"},"west":{"uv":[5,6,6,7],"texture":"#main"},"up":{"uv":[5,6,6,7],"texture":"#main"},"down":{"uv":[5,6,6,7],"texture":"#main"}}},{"from":[6,9,7],"to":[7,10,8],"faces":{"north":{"uv":[6,6,7,7],"texture":"#main"},"east":{"uv":[6,6,7,7],"texture":"#main"},"south":{"uv":[6,6,7,7],"texture":"#main"},"west":{"uv":[6,6,7,7],"texture":"#main"},"up":{"uv":[6,6,7,7],"texture":"#main"},"down":{"uv":[6,6,7,7],"texture":"#main"}}},{"from":[10,9,7],"to":[11,10,8],"faces":{"north":{"uv":[10,6,11,7],"texture":"#main"},"east":{"uv":[10,6,11,7],"texture":"#main"},"south":{"uv":[10,6,11,7],"texture":"#main"},"west":{"uv":[10,6,11,7],"texture":"#main"},"up":{"uv":[10,6,11,7],"texture":"#main"},"down":{"uv":[10,6,11,7],"texture":"#main"}}},{"from":[13,9,7],"to":[14,10,8],"faces":{"north":{"uv":[13,6,14,7],"texture":"#main"},"east":{"uv":[13,6,14,7],"texture":"#main"},"south":{"uv":[13,6,14,7],"texture":"#main"},"west":{"uv":[13,6,14,7],"texture":"#main"},"up":{"uv":[13,6,14,7],"texture":"#main"},"down":{"uv":[13,6,14,7],"texture":"#main"}}},{"from":[1,8,7],"to":[2,9,8],"faces":{"north":{"uv":[1,7,2,8],"texture":"#main"},"east":{"uv":[1,7,2,8],"texture":"#main"},"south":{"uv":[1,7,2,8],"texture":"#main"},"west":{"uv":[1,7,2,8],"texture":"#main"},"up":{"uv":[1,7,2,8],"texture":"#main"},"down":{"uv":[1,7,2,8],"texture":"#main"}}},{"from":[6,8,7],"to":[7,9,8],"faces":{"north":{"uv":[6,7,7,8],"texture":"#main"},"east":{"uv":[6,7,7,8],"texture":"#main"},"south":{"uv":[6,7,7,8],"texture":"#main"},"west":{"uv":[6,7,7,8],"texture":"#main"},"up":{"uv":[6,7,7,8],"texture":"#main"},"down":{"uv":[6,7,7,8],"texture":"#main"}}},{"from":[8,8,7],"to":[9,9,8],"faces":{"north":{"uv":[8,7,9,8],"texture":"#main"},"east":{"uv":[8,7,9,8],"texture":"#main"},"south":{"uv":[8,7,9,8],"texture":"#main"},"west":{"uv":[8,7,9,8],"texture":"#main"},"up":{"uv":[8,7,9,8],"texture":"#main"},"down":{"uv":[8,7,9,8],"texture":"#main"}}},{"from":[11,8,7],"to":[12,9,8],"faces":{"north":{"uv":[11,7,12,8],"texture":"#main"},"east":{"uv":[11,7,12,8],"texture":"#main"},"south":{"uv":[11,7,12,8],"texture":"#main"},"west":{"uv":[11,7,12,8],"texture":"#main"},"up":{"uv":[11,7,12,8],"texture":"#main"},"down":{"uv":[11,7,12,8],"texture":"#main"}}},{"from":[2,7,7],"to":[3,8,8],"faces":{"north":{"uv":[2,8,3,9],"texture":"#main"},"east":{"uv":[2,8,3,9],"texture":"#main"},"south":{"uv":[2,8,3,9],"texture":"#main"},"west":{"uv":[2,8,3,9],"texture":"#main"},"up":{"uv":[2,8,3,9],"texture":"#main"},"down":{"uv":[2,8,3,9],"texture":"#main"}}},{"from":[3,7,7],"to":[4,8,8],"faces":{"north":{"uv":[3,8,4,9],"texture":"#main"},"east":{"uv":[3,8,4,9],"texture":"#main"},"south":{"uv":[3,8,4,9],"texture":"#main"},"west":{"uv":[3,8,4,9],"texture":"#main"},"up":{"uv":[3,8,4,9],"texture":"#main"},"down":{"uv":[3,8,4,9],"texture":"#main"}}},{"from":[4,7,7],"to":[5,8,8],"faces":{"north":{"uv":[4,8,5,9],"texture":"#main"},"east":{"uv":[4,8,5,9],"texture":"#main"},"south":{"uv":[4,8,5,9],"texture":"#main"},"west":{"uv":[4,8,5,9],"texture":"#main"},"up":{"uv":[4,8,5,9],"texture":"#main"},"down":{"uv":[4,8,5,9],"texture":"#main"}}},{"from":[6,7,7],"to":[7,8,8],"faces":{"north":{"uv":[6,8,7,9],"texture":"#main"},"east":{"uv":[6,8,7,9],"texture":"#main"},"south":{"uv":[6,8,7,9],"texture":"#main"},"west":{"uv":[6,8,7,9],"texture":"#main"},"up":{"uv":[6,8,7,9],"texture":"#main"},"down":{"uv":[6,8,7,9],"texture":"#main"}}},{"from":[15,7,7],"to":[16,8,8],"faces":{"north":{"uv":[15,8,16,9],"texture":"#main"},"east":{"uv":[15,8,16,9],"texture":"#main"},"south":{"uv":[15,8,16,9],"texture":"#main"},"west":{"uv":[15,8,16,9],"texture":"#main"},"up":{"uv":[15,8,16,9],"texture":"#main"},"down":{"uv":[15,8,16,9],"texture":"#main"}}},{"from":[4,6,7],"to":[5,7,8],"faces":{"north":{"uv":[4,9,5,10],"texture":"#main"},"east":{"uv":[4,9,5,10],"texture":"#main"},"south":{"uv":[4,9,5,10],"texture":"#main"},"west":{"uv":[4,9,5,10],"texture":"#main"},"up":{"uv":[4,9,5,10],"texture":"#main"},"down":{"uv":[4,9,5,10],"texture":"#main"}}},{"from":[5,6,7],"to":[6,7,8],"faces":{"north":{"uv":[5,9,6,10],"texture":"#main"},"east":{"uv":[5,9,6,10],"texture":"#main"},"south":{"uv":[5,9,6,10],"texture":"#main"},"west":{"uv":[5,9,6,10],"texture":"#main"},"up":{"uv":[5,9,6,10],"texture":"#main"},"down":{"uv":[5,9,6,10],"texture":"#main"}}},{"from":[8,6,7],"to":[9,7,8],"faces":{"north":{"uv":[8,9,9,10],"texture":"#main"},"east":{"uv":[8,9,9,10],"texture":"#main"},"south":{"uv":[8,9,9,10],"texture":"#main"},"west":{"uv":[8,9,9,10],"texture":"#main"},"up":{"uv":[8,9,9,10],"texture":"#main"},"down":{"uv":[8,9,9,10],"texture":"#main"}}},{"from":[9,6,7],"to":[10,7,8],"faces":{"north":{"uv":[9,9,10,10],"texture":"#main"},"east":{"uv":[9,9,10,10],"texture":"#main"},"south":{"uv":[9,9,10,10],"texture":"#main"},"west":{"uv":[9,9,10,10],"texture":"#main"},"up":{"uv":[9,9,10,10],"texture":"#main"},"down":{"uv":[9,9,10,10],"texture":"#main"}}},{"from":[11,6,7],"to":[12,7,8],"faces":{"north":{"uv":[11,9,12,10],"texture":"#main"},"east":{"uv":[11,9,12,10],"texture":"#main"},"south":{"uv":[11,9,12,10],"texture":"#main"},"west":{"uv":[11,9,12,10],"texture":"#main"},"up":{"uv":[11,9,12,10],"texture":"#main"},"down":{"uv":[11,9,12,10],"texture":"#main"}}},{"from":[13,6,7],"to":[14,7,8],"faces":{"north":{"uv":[13,9,14,10],"texture":"#main"},"east":{"uv":[13,9,14,10],"texture":"#main"},"south":{"uv":[13,9,14,10],"texture":"#main"},"west":{"uv":[13,9,14,10],"texture":"#main"},"up":{"uv":[13,9,14,10],"texture":"#main"},"down":{"uv":[13,9,14,10],"texture":"#main"}}},{"from":[0,5,7],"to":[1,6,8],"faces":{"north":{"uv":[0,10,1,11],"texture":"#main"},"east":{"uv":[0,10,1,11],"texture":"#main"},"south":{"uv":[0,10,1,11],"texture":"#main"},"west":{"uv":[0,10,1,11],"texture":"#main"},"up":{"uv":[0,10,1,11],"texture":"#main"},"down":{"uv":[0,10,1,11],"texture":"#main"}}},{"from":[2,5,7],"to":[3,6,8],"faces":{"north":{"uv":[2,10,3,11],"texture":"#main"},"east":{"uv":[2,10,3,11],"texture":"#main"},"south":{"uv":[2,10,3,11],"texture":"#main"},"west":{"uv":[2,10,3,11],"texture":"#main"},"up":{"uv":[2,10,3,11],"texture":"#main"},"down":{"uv":[2,10,3,11],"texture":"#main"}}},{"from":[7,5,7],"to":[8,6,8],"faces":{"north":{"uv":[7,10,8,11],"texture":"#main"},"east":{"uv":[7,10,8,11],"texture":"#main"},"south":{"uv":[7,10,8,11],"texture":"#main"},"west":{"uv":[7,10,8,11],"texture":"#main"},"up":{"uv":[7,10,8,11],"texture":"#main"},"down":{"uv":[7,10,8,11],"texture":"#main"}}},{"from":[8,5,7],"to":[9,6,8],"faces":{"north":{"uv":[8,10,9,11],"texture":"#main"},"east":{"uv":[8,10,9,11],"texture":"#main"},"south":{"uv":[8,10,9,11],"texture":"#main"},"west":{"uv":[8,10,9,11],"texture":"#main"},"up":{"uv":[8,10,9,11],"texture":"#main"},"down":{"uv":[8,10,9,11],"texture":"#main"}}},{"from":[10,5,7],"to":[11,6,8],"faces":{"north":{"uv":[10,10,11,11],"texture":"#main"},"east":{"uv":[10,10,11,11],"texture":"#main"},"south":{"uv":[10,10,11,11],"texture":"#main"},"west":{"uv":[10,10,11,11],"texture":"#main"},"up":{"uv":[10,10,11,11],"texture":"#main"},"down":{"uv":[10,10,11,11],"texture":"#main"}}},{"from":[4,4,7],"to":[5,5,8],"faces":{"north":{"uv":[4,11,5,12],"texture":"#main"},"east":{"uv":[4,11,5,12],"texture":"#main"},"south":{"uv":[4,11,5,12],"texture":"#main"},"west":{"uv":[4,11,5,12],"texture":"#main"},"up":{"uv":[4,11,5,12],"texture":"#main"},"down":{"uv":[4,11,5,12],"texture":"#main"}}},{"from":[6,4,7],"to":[7,5,8],"faces":{"north":{"uv":[6,11,7,12],"texture":"#main"},"east":{"uv":[6,11,7,12],"texture":"#main"},"south":{"uv":[6,11,7,12],"texture":"#main"},"west":{"uv":[6,11,7,12],"texture":"#main"},"up":{"uv":[6,11,7,12],"texture":"#main"},"down":{"uv":[6,11,7,12],"texture":"#main"}}},{"from":[11,4,7],"to":[12,5,8],"faces":{"north":{"uv":[11,11,12,12],"texture":"#main"},"east":{"uv":[11,11,12,12],"texture":"#main"},"south":{"uv":[11,11,12,12],"texture":"#main"},"west":{"uv":[11,11,12,12],"texture":"#main"},"up":{"uv":[11,11,12,12],"texture":"#main"},"down":{"uv":[11,11,12,12],"texture":"#main"}}},{"from":[13,4,7],"to":[14,5,8],"faces":{"north":{"uv":[13,11,14,12],"texture":"#main"},"east":{"uv":[13,11,14,12],"texture":"#main"},"south":{"uv":[13,11,14,12],"texture":"#main"},"west":{"uv":[13,11,14,12],"texture":"#main"},"up":{"uv":[13,11,14,12],"texture":"#main"},"down":{"uv":[13,11,14,12],"texture":"#main"}}},{"from":[2,3,7],"to":[3,4,8],"faces":{"north":{"uv":[2,12,3,13],"texture":"#main"},"east":{"uv":[2,12,3,13],"texture":"#main"},"south":{"uv":[2,12,3,13],"texture":"#main"},"west":{"uv":[2,12,3,13],"texture":"#main"},"up":{"uv":[2,12,3,13],"texture":"#main"},"down":{"uv":[2,12,3,13],"texture":"#main"}}},{"from":[7,3,7],"to":[8,4,8],"faces":{"north":{"uv":[7,12,8,13],"texture":"#main"},"east":{"uv":[7,12,8,13],"texture":"#main"},"south":{"uv":[7,12,8,13],"texture":"#main"},"west":{"uv":[7,12,8,13],"texture":"#main"},"up":{"uv":[7,12,8,13],"texture":"#main"},"down":{"uv":[7,12,8,13],"texture":"#main"}}},{"from":[9,3,7],"to":[10,4,8],"faces":{"north":{"uv":[9,12,10,13],"texture":"#main"},"east":{"uv":[9,12,10,13],"texture":"#main"},"south":{"uv":[9,12,10,13],"texture":"#main"},"west":{"uv":[9,12,10,13],"texture":"#main"},"up":{"uv":[9,12,10,13],"texture":"#main"},"down":{"uv":[9,12,10,13],"texture":"#main"}}},{"from":[11,3,7],"to":[12,4,8],"faces":{"north":{"uv":[11,12,12,13],"texture":"#main"},"east":{"uv":[11,12,12,13],"texture":"#main"},"south":{"uv":[11,12,12,13],"texture":"#main"},"west":{"uv":[11,12,12,13],"texture":"#main"},"up":{"uv":[11,12,12,13],"texture":"#main"},"down":{"uv":[11,12,12,13],"texture":"#main"}}},{"from":[14,3,7],"to":[15,4,8],"faces":{"north":{"uv":[14,12,15,13],"texture":"#main"},"east":{"uv":[14,12,15,13],"texture":"#main"},"south":{"uv":[14,12,15,13],"texture":"#main"},"west":{"uv":[14,12,15,13],"texture":"#main"},"up":{"uv":[14,12,15,13],"texture":"#main"},"down":{"uv":[14,12,15,13],"texture":"#main"}}},{"from":[1,2,7],"to":[2,3,8],"faces":{"north":{"uv":[1,13,2,14],"texture":"#main"},"east":{"uv":[1,13,2,14],"texture":"#main"},"south":{"uv":[1,13,2,14],"texture":"#main"},"west":{"uv":[1,13,2,14],"texture":"#main"},"up":{"uv":[1,13,2,14],"texture":"#main"},"down":{"uv":[1,13,2,14],"texture":"#main"}}},{"from":[5,2,7],"to":[6,3,8],"faces":{"north":{"uv":[5,13,6,14],"texture":"#main"},"east":{"uv":[5,13,6,14],"texture":"#main"},"south":{"uv":[5,13,6,14],"texture":"#main"},"west":{"uv":[5,13,6,14],"texture":"#main"},"up":{"uv":[5,13,6,14],"texture":"#main"},"down":{"uv":[5,13,6,14],"texture":"#main"}}},{"from":[9,2,7],"to":[10,3,8],"faces":{"north":{"uv":[9,13,10,14],"texture":"#main"},"east":{"uv":[9,13,10,14],"texture":"#main"},"south":{"uv":[9,13,10,14],"texture":"#main"},"west":{"uv":[9,13,10,14],"texture":"#main"},"up":{"uv":[9,13,10,14],"texture":"#main"},"down":{"uv":[9,13,10,14],"texture":"#main"}}},{"from":[7,1,7],"to":[8,2,8],"faces":{"north":{"uv":[7,14,8,15],"texture":"#main"},"east":{"uv":[7,14,8,15],"texture":"#main"},"south":{"uv":[7,14,8,15],"texture":"#main"},"west":{"uv":[7,14,8,15],"texture":"#main"},"up":{"uv":[7,14,8,15],"texture":"#main"},"down":{"uv":[7,14,8,15],"texture":"#main"}}},{"from":[11,1,7],"to":[12,2,8],"faces":{"north":{"uv":[11,14,12,15],"texture":"#main"},"east":{"uv":[11,14,12,15],"texture":"#main"},"south":{"uv":[11,14,12,15],"texture":"#main"},"west":{"uv":[11,14,12,15],"texture":"#main"},"up":{"uv":[11,14,12,15],"texture":"#main"},"down":{"uv":[11,14,12,15],"texture":"#main"}}},{"from":[13,1,7],"to":[14,2,8],"faces":{"north":{"uv":[13,14,14,15],"texture":"#main"},"east":{"uv":[13,14,14,15],"texture":"#main"},"south":{"uv":[13,14,14,15],"texture":"#main"},"west":{"uv":[13,14,14,15],"texture":"#main"},"up":{"uv":[13,14,14,15],"texture":"#main"},"down":{"uv":[13,14,14,15],"texture":"#main"}}},{"from":[4,0,7],"to":[5,1,8],"faces":{"north":{"uv":[4,15,5,16],"texture":"#main"},"east":{"uv":[4,15,5,16],"texture":"#main"},"south":{"uv":[4,15,5,16],"texture":"#main"},"west":{"uv":[4,15,5,16],"texture":"#main"},"up":{"uv":[4,15,5,16],"texture":"#main"},"down":{"uv":[4,15,5,16],"texture":"#main"}}},{"from":[9,0,7],"to":[10,1,8],"faces":{"north":{"uv":[9,15,10,16],"texture":"#main"},"east":{"uv":[9,15,10,16],"texture":"#main"},"south":{"uv":[9,15,10,16],"texture":"#main"},"west":{"uv":[9,15,10,16],"texture":"#main"},"up":{"uv":[9,15,10,16],"texture":"#main"},"down":{"uv":[9,15,10,16],"texture":"#main"}}}],"display":{"ground":{"rotation":[0,0,0],"translation":[0,2,0],"scale":[0.5,0.5,0.5]},"head":{"rotation":[0,180,0],"translation":[0,13,7],"scale":[1,1,1]},"thirdperson_righthand":{"rotation":[0,0,0],"translation":[0,3,1],"scale":[0.55,0.55,0.55]},"firstperson_righthand":{"rotation":[0,-90,25],"translation":[1.13,3.2,1.13],"scale":[0.68,0.68,0.68]},"fixed":{"rotation":[0,180,0],"scale":[1,1,1]}}}