{"textures":{"main":"cft:item/dropper/swedish_fish","glass":"minecraft:block/glass"},"elements":[{"from":[5,8,7],"to":[6,9,8],"faces":{"north":{"uv":[5,7,6,8],"texture":"#main"},"east":{"uv":[5,7,6,8],"texture":"#main"},"south":{"uv":[5,7,6,8],"texture":"#main"},"west":{"uv":[5,7,6,8],"texture":"#main"},"up":{"uv":[5,7,6,8],"texture":"#main"},"down":{"uv":[5,7,6,8],"texture":"#main"}}},{"from":[6,8,7],"to":[7,9,8],"faces":{"north":{"uv":[6,7,7,8],"texture":"#main"},"east":{"uv":[6,7,7,8],"texture":"#main"},"south":{"uv":[6,7,7,8],"texture":"#main"},"west":{"uv":[6,7,7,8],"texture":"#main"},"up":{"uv":[6,7,7,8],"texture":"#main"},"down":{"uv":[6,7,7,8],"texture":"#main"}}},{"from":[7,8,7],"to":[8,9,8],"faces":{"north":{"uv":[7,7,8,8],"texture":"#main"},"east":{"uv":[7,7,8,8],"texture":"#main"},"south":{"uv":[7,7,8,8],"texture":"#main"},"west":{"uv":[7,7,8,8],"texture":"#main"},"up":{"uv":[7,7,8,8],"texture":"#main"},"down":{"uv":[7,7,8,8],"texture":"#main"}}},{"from":[8,8,7],"to":[9,9,8],"faces":{"north":{"uv":[8,7,9,8],"texture":"#main"},"east":{"uv":[8,7,9,8],"texture":"#main"},"south":{"uv":[8,7,9,8],"texture":"#main"},"west":{"uv":[8,7,9,8],"texture":"#main"},"up":{"uv":[8,7,9,8],"texture":"#main"},"down":{"uv":[8,7,9,8],"texture":"#main"}}},{"from":[3,7,7],"to":[4,8,8],"faces":{"north":{"uv":[3,8,4,9],"texture":"#main"},"east":{"uv":[3,8,4,9],"texture":"#main"},"south":{"uv":[3,8,4,9],"texture":"#main"},"west":{"uv":[3,8,4,9],"texture":"#main"},"up":{"uv":[3,8,4,9],"texture":"#main"},"down":{"uv":[3,8,4,9],"texture":"#main"}}},{"from":[5,7,7],"to":[6,8,8],"faces":{"north":{"uv":[5,8,6,9],"texture":"#main"},"east":{"uv":[5,8,6,9],"texture":"#main"},"south":{"uv":[5,8,6,9],"texture":"#main"},"west":{"uv":[5,8,6,9],"texture":"#main"},"up":{"uv":[5,8,6,9],"texture":"#main"},"down":{"uv":[5,8,6,9],"texture":"#main"}}},{"from":[6,7,7],"to":[7,8,8],"faces":{"north":{"uv":[6,8,7,9],"texture":"#main"},"east":{"uv":[6,8,7,9],"texture":"#main"},"south":{"uv":[6,8,7,9],"texture":"#main"},"west":{"uv":[6,8,7,9],"texture":"#main"},"up":{"uv":[6,8,7,9],"texture":"#main"},"down":{"uv":[6,8,7,9],"texture":"#main"}}},{"from":[7,7,7],"to":[8,8,8],"faces":{"north":{"uv":[7,8,8,9],"texture":"#main"},"east":{"uv":[7,8,8,9],"texture":"#main"},"south":{"uv":[7,8,8,9],"texture":"#main"},"west":{"uv":[7,8,8,9],"texture":"#main"},"up":{"uv":[7,8,8,9],"texture":"#main"},"down":{"uv":[7,8,8,9],"texture":"#main"}}},{"from":[8,7,7],"to":[9,8,8],"faces":{"north":{"uv":[8,8,9,9],"texture":"#main"},"east":{"uv":[8,8,9,9],"texture":"#main"},"south":{"uv":[8,8,9,9],"texture":"#main"},"west":{"uv":[8,8,9,9],"texture":"#main"},"up":{"uv":[8,8,9,9],"texture":"#main"},"down":{"uv":[8,8,9,9],"texture":"#main"}}},{"from":[9,7,7],"to":[10,8,8],"faces":{"north":{"uv":[9,8,10,9],"texture":"#main"},"east":{"uv":[9,8,10,9],"texture":"#main"},"south":{"uv":[9,8,10,9],"texture":"#main"},"west":{"uv":[9,8,10,9],"texture":"#main"},"up":{"uv":[9,8,10,9],"texture":"#main"},"down":{"uv":[9,8,10,9],"texture":"#main"}}},{"from":[10,7,7],"to":[11,8,8],"faces":{"north":{"uv":[10,8,11,9],"texture":"#main"},"east":{"uv":[10,8,11,9],"texture":"#main"},"south":{"uv":[10,8,11,9],"texture":"#main"},"west":{"uv":[10,8,11,9],"texture":"#main"},"up":{"uv":[10,8,11,9],"texture":"#main"},"down":{"uv":[10,8,11,9],"texture":"#main"}}},{"from":[12,7,7],"to":[13,8,8],"faces":{"north":{"uv":[12,8,13,9],"texture":"#main"},"east":{"uv":[12,8,13,9],"texture":"#main"},"south":{"uv":[12,8,13,9],"texture":"#main"},"west":{"uv":[12,8,13,9],"texture":"#main"},"up":{"uv":[12,8,13,9],"texture":"#main"},"down":{"uv":[12,8,13,9],"texture":"#main"}}}],"display":{"ground":{"rotation":[0,0,0],"translation":[0,2,0],"scale":[0.5,0.5,0.5]},"head":{"rotation":[0,180,0],"translation":[0,13,7],"scale":[1,1,1]},"thirdperson_righthand":{"rotation":[0,0,0],"translation":[0,3,1],"scale":[0.55,0.55,0.55]},"firstperson_righthand":{"rotation":[0,-90,25],"translation":[1.13,3.2,1.13],"scale":[0.68,0.68,0.68]},"fixed":{"rotation":[0,180,0],"scale":[1,1,1]}}}