{"textures":{"particle":"#base","base":"cft:block/collector_5_base","sides":"cft:block/collector_5_sides"},"elements":[{"from":[0,0,0],"to":[16,2,16],"faces":{"north":{"uv":[0,14,16,16],"texture":"#sides"},"east":{"uv":[0,14,16,16],"texture":"#sides"},"south":{"uv":[0,14,16,16],"texture":"#sides"},"west":{"uv":[0,14,16,16],"texture":"#sides"},"up":{"uv":[0,0,16,16],"texture":"#base"},"down":{"uv":[0,0,16,16],"texture":"#base"}}},{"from":[2,2,0],"to":[16,15,2],"faces":{"north":{"uv":[0,0,14,13],"texture":"#sides"},"east":{"uv":[14,0,16,13],"texture":"#sides"},"south":{"uv":[0,0,14,13],"texture":"#sides"},"up":{"uv":[0,14,14,16],"texture":"#base"}}},{"from":[0,2,14],"to":[14,15,16],"faces":{"north":{"uv":[0,0,14,13],"texture":"#sides"},"south":{"uv":[0,0,14,13],"texture":"#sides"},"west":{"uv":[14,0,16,13],"texture":"#sides"},"up":{"uv":[2,0,16,2],"texture":"#base"}}},{"from":[0,2,0],"to":[2,15,14],"faces":{"north":{"uv":[14,0,16,13],"texture":"#sides"},"east":{"uv":[0,0,14,13],"texture":"#sides"},"west":{"uv":[0,0,14,13],"texture":"#sides"},"up":{"uv":[14,2,16,16],"texture":"#base"}}},{"from":[14,2,2],"to":[16,15,16],"faces":{"east":{"uv":[0,0,14,13],"texture":"#sides"},"south":{"uv":[14,0,16,13],"texture":"#sides"},"west":{"uv":[0,0,14,13],"texture":"#sides"},"up":{"uv":[0,0,2,14],"texture":"#base"}}}],"display":{"thirdperson_righthand":{"rotation":[75,45,0],"translation":[0,2.5,0],"scale":[0.375,0.375,0.375]},"thirdperson_lefthand":{"rotation":[75,45,0],"translation":[0,2.5,0],"scale":[0.375,0.375,0.375]},"firstperson_righthand":{"rotation":[0,45,0],"scale":[0.4,0.4,0.4]},"firstperson_lefthand":{"rotation":[0,225,0],"scale":[0.4,0.4,0.4]},"ground":{"translation":[0,3,0],"scale":[0.25,0.25,0.25]},"gui":{"rotation":[30,225,0],"scale":[0.625,0.625,0.625]},"head":{"scale":[0,0,0]},"fixed":{"scale":[0.5,0.5,0.5]}}}