{"textures":{"dirt":"block/coarse_dirt","particle":"#belt","base":"cft:block/conveyor_2_base","belt":"cft:block/conveyor_2_belt"},"elements":[{"from":[13,0,2],"to":[15,8,15],"faces":{"north":{"uv":[1,8,3,16],"texture":"#base"},"east":{"uv":[1,8,14,16],"texture":"#base"},"south":{"uv":[13,8,15,16],"texture":"#base"},"west":{"uv":[14,8,1,16],"texture":"#base"}}},{"from":[1,0,2],"to":[3,8,15],"faces":{"north":{"uv":[13,8,15,16],"texture":"#base"},"east":{"uv":[1,8,14,16],"texture":"#base"},"south":{"uv":[1,8,3,16],"texture":"#base"},"west":{"uv":[14,8,1,16],"texture":"#base"}}},{"from":[1,8,1],"to":[15,9,15],"faces":{"north":{"uv":[1,9,15,10],"texture":"#base"},"south":{"uv":[1,6,15,7],"texture":"#base"},"down":{"uv":[1,1,15,15],"texture":"#base"}}},{"from":[1,15,1],"to":[15,16,15],"faces":{"north":{"uv":[1,0,15,1],"texture":"#belt"},"south":{"uv":[1,15,15,16],"texture":"#belt"},"up":{"uv":[1,1,15,15],"texture":"#belt"}}},{"from":[15,16,0],"to":[16,17,16],"faces":{"north":{"uv":[0,15,1,16],"texture":"#base"},"east":{"uv":[0,15,16,16],"texture":"#base"},"south":{"uv":[15,15,16,16],"texture":"#base"},"west":{"uv":[16,15,0,16],"texture":"#base"},"up":{"uv":[15,0,16,16],"texture":"#base"}}},{"from":[0,8,1],"to":[1,15,15],"faces":{"west":{"uv":[15,1,1,8],"texture":"#base"}}},{"from":[0,9,15],"to":[1,15,16],"faces":{"south":{"uv":[0,1,1,7],"texture":"#base"},"west":{"uv":[1,1,0,7],"texture":"#base"}}},{"from":[0,7,15],"to":[1,9,16],"faces":{"east":{"uv":[1,8,2,10],"texture":"#base"},"south":{"uv":[0,7,1,9],"texture":"#base"},"west":{"uv":[1,7,0,9],"texture":"#base"},"down":{"uv":[13,3,14,2],"texture":"#base"}}},{"from":[0,7,0],"to":[1,9,1],"faces":{"north":{"uv":[15,7,16,9],"texture":"#base"},"east":{"uv":[1,8,2,10],"texture":"#base"},"west":{"uv":[16,7,15,9],"texture":"#base"},"down":{"uv":[13,3,14,2],"texture":"#base"}}},{"from":[0,7,1],"to":[1,8,2],"faces":{"east":{"uv":[1,8,2,9],"texture":"#base"},"west":{"uv":[15,8,14,9],"texture":"#base"},"down":{"uv":[13,3,14,2],"texture":"#base"}}},{"from":[0,15,15],"to":[1,16,16],"faces":{"east":{"uv":[1,8,2,9],"texture":"#base"},"south":{"uv":[0,0,1,1],"texture":"#base"},"west":{"uv":[1,0,0,1],"texture":"#base"}}},{"from":[0,15,0],"to":[1,16,1],"faces":{"north":{"uv":[15,0,16,1],"texture":"#base"},"east":{"uv":[1,8,2,9],"texture":"#base"},"west":{"uv":[16,0,15,1],"texture":"#base"}}},{"from":[0,9,0],"to":[1,15,1],"faces":{"north":{"uv":[15,1,16,7],"texture":"#base"},"west":{"uv":[16,1,15,7],"texture":"#base"}}},{"from":[0,15,1],"to":[1,16,15],"faces":{"west":{"uv":[15,0,1,1],"texture":"#base"}}},{"from":[0,7,2],"to":[1,8,15],"faces":{"west":{"uv":[14,8,1,9],"texture":"#base"},"down":{"uv":[0,3,1,16],"texture":"#base"}}},{"from":[15,7,2],"to":[16,8,15],"faces":{"east":{"uv":[1,8,14,9],"texture":"#base"},"down":{"uv":[0,3,1,16],"texture":"#base"}}},{"from":[15,7,1],"to":[16,8,2],"faces":{"east":{"uv":[14,8,15,9],"texture":"#base"},"west":{"uv":[0,0,1,1],"texture":"#base"},"down":{"uv":[0,1,1,2],"texture":"#base"}}},{"from":[15,7,0],"to":[16,9,1],"faces":{"north":{"uv":[0,7,1,9],"texture":"#base"},"east":{"uv":[15,7,16,9],"texture":"#base"},"west":{"uv":[0,0,1,2],"texture":"#base"},"down":{"uv":[0,1,1,2],"texture":"#base"}}},{"from":[15,9,0],"to":[16,15,1],"faces":{"north":{"uv":[0,1,1,7],"texture":"#base"},"east":{"uv":[15,1,16,7],"texture":"#base"}}},{"from":[15,8,1],"to":[16,15,15],"faces":{"east":{"uv":[1,1,15,8],"texture":"#base"}}},{"from":[15,15,1],"to":[16,16,15],"faces":{"east":{"uv":[1,0,15,1],"texture":"#base"}}},{"from":[15,15,0],"to":[16,16,1],"faces":{"north":{"uv":[0,0,1,1],"texture":"#base"},"east":{"uv":[15,0,16,1],"texture":"#base"},"west":{"uv":[0,0,1,1],"texture":"#base"}}},{"from":[15,15,15],"to":[16,16,16],"faces":{"east":{"uv":[0,0,1,1],"texture":"#base"},"south":{"uv":[15,0,16,1],"texture":"#base"},"west":{"uv":[0,0,1,1],"texture":"#base"}}},{"from":[15,9,15],"to":[16,15,16],"faces":{"east":{"uv":[0,1,1,7],"texture":"#base"},"south":{"uv":[15,1,16,7],"texture":"#base"}}},{"from":[15,7,15],"to":[16,9,16],"faces":{"east":{"uv":[0,7,1,9],"texture":"#base"},"south":{"uv":[15,7,16,9],"texture":"#base"},"west":{"uv":[0,0,1,2],"texture":"#base"},"down":{"uv":[0,1,1,2],"texture":"#base"}}},{"from":[0,16,0],"to":[1,17,16],"faces":{"north":{"uv":[15,15,16,16],"texture":"#base"},"east":{"uv":[0,15,16,16],"texture":"#base"},"south":{"uv":[0,15,1,16],"texture":"#base"},"west":{"uv":[16,15,0,16],"texture":"#base"},"up":{"uv":[0,0,1,16],"texture":"#base"}}},{"from":[1,9,15],"to":[15,15,16],"faces":{"south":{"uv":[1,0,15,6],"texture":"#belt"},"up":{"uv":[1,15,15,16],"texture":"#belt"},"down":{"uv":[1,7,15,6],"texture":"#belt"}}},{"from":[1,9,0],"to":[15,15,1],"faces":{"north":{"uv":[1,8,15,2],"texture":"#belt"},"up":{"uv":[1,0,15,1],"texture":"#belt"},"down":{"uv":[1,10,15,9],"texture":"#belt"}}},{"from":[0,0,0],"to":[16,0,16],"faces":{"north":{"uv":[0,0,16,0],"texture":"#dirt"},"east":{"uv":[0,0,16,0],"texture":"#dirt"},"south":{"uv":[0,0,16,0],"texture":"#dirt"},"west":{"uv":[0,0,16,0],"texture":"#dirt"},"up":{"uv":[0,0,16,16],"texture":"#dirt"},"down":{"uv":[0,0,16,16],"texture":"#dirt"}}}],"display":{"thirdperson_righthand":{"rotation":[75,45,0],"translation":[0,2.5,0],"scale":[0.375,0.375,0.375]},"thirdperson_lefthand":{"rotation":[75,45,0],"translation":[0,2.5,0],"scale":[0.375,0.375,0.375]},"firstperson_righthand":{"rotation":[0,45,0],"scale":[0.4,0.4,0.4]},"firstperson_lefthand":{"rotation":[0,225,0],"scale":[0.4,0.4,0.4]},"ground":{"translation":[0,3,0],"scale":[0.25,0.25,0.25]},"gui":{"rotation":[30,225,0],"scale":[0.625,0.625,0.625]},"head":{"scale":[0,0,0]},"fixed":{"scale":[0.5,0.5,0.5]}}}