{"textures":{"particle":"#main","main":"cft:block/dropper_9_main","base":"cft:block/dropper_9_base","spout":"minecraft:block/quartz_block_bottom","spigot":"minecraft:block/stone","item":"cft:item/dropper/gumdrop"},"elements":[{"from":[0,0,12],"to":[16,2,25],"faces":{"north":{"uv":[0,14,16,16],"texture":"#main"},"east":{"uv":[3,14,16,16],"texture":"#main"},"west":{"uv":[16,14,3,16],"texture":"#main"}}},{"from":[0,2,12],"to":[16,12,25],"faces":{"east":{"uv":[3,4,16,14],"texture":"#main"},"west":{"uv":[16,4,3,14],"texture":"#main"}}},{"from":[0,0,25],"to":[16,12,26],"faces":{"east":{"uv":[2,4,3,16],"texture":"#main"},"south":{"uv":[0,4,16,16],"texture":"#main"},"west":{"uv":[3,4,2,16],"texture":"#main"},"up":{"uv":[0,13,16,14],"texture":"#main"}}},{"from":[0,4,11],"to":[16,10,12],"faces":{"east":{"uv":[0,6,1,12],"texture":"#main"},"west":{"uv":[1,6,0,12],"texture":"#main"}}},{"from":[0,2,11],"to":[16,4,12],"faces":{"north":{"uv":[0,12,16,14],"texture":"#main"},"east":{"uv":[0,12,1,14],"texture":"#main"},"west":{"uv":[1,12,0,14],"texture":"#main"},"down":{"uv":[0,16,16,15],"texture":"#main"}}},{"from":[0,4,10],"to":[16,6,11],"faces":{"north":{"uv":[0,10,16,12],"texture":"#main"},"east":{"uv":[1,10,2,12],"texture":"#main"},"west":{"uv":[2,10,1,12],"texture":"#main"},"down":{"uv":[0,15,16,14],"texture":"#main"}}},{"from":[0,6,10],"to":[16,10,11],"faces":{"east":{"uv":[1,6,2,10],"texture":"#main"},"west":{"uv":[2,6,1,10],"texture":"#main"}}},{"from":[0,6,8],"to":[16,8,10],"faces":{"north":{"uv":[0,8,16,10],"texture":"#main"},"east":{"uv":[2,8,4,10],"texture":"#main"},"west":{"uv":[4,8,2,10],"texture":"#main"},"down":{"uv":[0,14,16,12],"texture":"#main"}}},{"from":[0,8,8],"to":[16,10,10],"faces":{"east":{"uv":[2,6,4,8],"texture":"#main"},"west":{"uv":[4,6,2,8],"texture":"#main"}}},{"from":[0,9,5],"to":[16,10,8],"faces":{"east":{"uv":[4,6,7,7],"texture":"#main"},"west":{"uv":[7,6,4,7],"texture":"#main"}}},{"from":[0,8,5],"to":[16,9,8],"faces":{"north":{"uv":[0,7,16,8],"texture":"#main"},"east":{"uv":[4,7,7,8],"texture":"#main"},"west":{"uv":[7,7,4,8],"texture":"#main"},"down":{"uv":[0,12,16,9],"texture":"#main"}}},{"from":[0,9,3],"to":[16,10,5],"faces":{"north":{"uv":[0,6,16,7],"texture":"#main"},"east":{"uv":[7,6,9,7],"texture":"#main"},"west":{"uv":[9,6,7,7],"texture":"#main"},"down":{"uv":[0,9,16,7],"texture":"#main"}}},{"from":[0,16,-4],"to":[16,18,12],"faces":{"east":{"uv":[0,14,16,16],"texture":"#main"},"west":{"uv":[16,14,0,16],"texture":"#main"},"up":{"uv":[0,0,16,16],"texture":"#main"}}},{"from":[0,16,12],"to":[16,18,19],"faces":{"east":{"uv":[9,14,16,16],"texture":"#main"},"south":{"uv":[0,14,16,16],"texture":"#main"},"west":{"uv":[16,14,9,16],"texture":"#main"},"up":{"uv":[0,0,16,7],"texture":"#main"}}},{"from":[0,14,19],"to":[16,16,23],"faces":{"east":{"uv":[5,0,9,2],"texture":"#main"},"south":{"uv":[0,0,16,2],"texture":"#main"},"west":{"uv":[9,0,5,2],"texture":"#main"},"up":{"uv":[0,7,16,11],"texture":"#main"}}},{"from":[0,14,12],"to":[16,16,19],"faces":{"east":{"uv":[9,0,16,2],"texture":"#main"},"west":{"uv":[16,0,9,2],"texture":"#main"}}},{"from":[0,12,12],"to":[16,14,23],"faces":{"east":{"uv":[5,2,16,4],"texture":"#main"},"west":{"uv":[16,2,5,4],"texture":"#main"}}},{"from":[0,12,23],"to":[16,14,25],"faces":{"east":{"uv":[3,2,5,4],"texture":"#main"},"south":{"uv":[0,2,16,4],"texture":"#main"},"west":{"uv":[5,2,3,4],"texture":"#main"},"up":{"uv":[0,11,16,13],"texture":"#main"}}},{"from":[0,10,-4],"to":[16,16,3],"faces":{"east":{"uv":[9,0,16,6],"texture":"#main"},"west":{"uv":[16,0,9,6],"texture":"#main"},"down":{"uv":[0,7,16,0],"texture":"#main"}}},{"from":[0,10,3],"to":[16,16,12],"faces":{"east":{"uv":[0,0,9,6],"texture":"#main"},"west":{"uv":[9,0,0,6],"texture":"#main"}}},{"from":[0,10,-8],"to":[16,16,-4],"faces":{"east":{"uv":[0,0,4,6],"texture":"#main"},"west":{"uv":[4,0,0,6],"texture":"#main"},"down":{"uv":[0,16,16,12],"texture":"#main"}}},{"from":[0,10,-12],"to":[16,16,-8],"faces":{"north":{"uv":[0,0,16,6],"texture":"#main"},"east":{"uv":[4,0,8,6],"texture":"#main"},"west":{"uv":[8,0,4,6],"texture":"#main"},"up":{"uv":[0,9,16,13],"texture":"#main"},"down":{"uv":[0,13,16,9],"texture":"#main"}}},{"from":[0,16,-9],"to":[16,18,-4],"faces":{"north":{"uv":[0,14,16,16],"texture":"#main"},"east":{"uv":[0,14,5,16],"texture":"#main"},"west":{"uv":[5,14,0,16],"texture":"#main"},"up":{"uv":[0,11,16,16],"texture":"#main"}}},{"from":[0,16,-11],"to":[16,17,-9],"faces":{"north":{"uv":[0,15,16,16],"texture":"#main"},"east":{"uv":[5,15,7,16],"texture":"#main"},"west":{"uv":[7,15,5,16],"texture":"#main"},"up":{"uv":[0,9,16,11],"texture":"#main"}}},{"from":[7,0,-7],"to":[9,10,-5],"faces":{"north":{"uv":[0,0,2,10],"texture":"#spout"},"east":{"uv":[0,0,2,10],"texture":"#spout"},"south":{"uv":[0,0,2,10],"texture":"#spout"},"west":{"uv":[0,0,2,10],"texture":"#spout"}}},{"from":[6.5,-1,-7.5],"to":[9.5,0,-4.5],"faces":{"north":{"uv":[6,8,9,9],"texture":"#spigot"},"east":{"uv":[9,8,12,9],"texture":"#spigot"},"south":{"uv":[6,4,9,5],"texture":"#spigot"},"west":{"uv":[3,8,6,9],"texture":"#spigot"},"up":{"uv":[6,5,9,8],"texture":"#spigot"},"down":{"uv":[6,9,9,12],"texture":"#spigot"}}},{"from":[7.313000000000001,12.317,-12.356],"to":[7.643000000000001,12.647,-12.026],"faces":{"north":{"uv":[6,10,7,11],"texture":"#item"},"east":{"uv":[6,10,7,11],"texture":"#item"},"south":{"uv":[6,10,7,11],"texture":"#item"},"west":{"uv":[6,10,7,11],"texture":"#item"},"up":{"uv":[6,10,7,11],"texture":"#item"},"down":{"uv":[6,10,7,11],"texture":"#item"}}},{"from":[7.643000000000001,12.317,-12.356],"to":[7.973000000000001,12.647,-12.026],"faces":{"north":{"uv":[7,10,8,11],"texture":"#item"},"east":{"uv":[7,10,8,11],"texture":"#item"},"south":{"uv":[7,10,8,11],"texture":"#item"},"west":{"uv":[7,10,8,11],"texture":"#item"},"up":{"uv":[7,10,8,11],"texture":"#item"},"down":{"uv":[7,10,8,11],"texture":"#item"}}},{"from":[7.973000000000001,12.317,-12.356],"to":[8.303,12.647,-12.026],"faces":{"north":{"uv":[8,10,9,11],"texture":"#item"},"east":{"uv":[8,10,9,11],"texture":"#item"},"south":{"uv":[8,10,9,11],"texture":"#item"},"west":{"uv":[8,10,9,11],"texture":"#item"},"up":{"uv":[8,10,9,11],"texture":"#item"},"down":{"uv":[8,10,9,11],"texture":"#item"}}},{"from":[8.303,12.317,-12.356],"to":[8.633000000000001,12.647,-12.026],"faces":{"north":{"uv":[9,10,10,11],"texture":"#item"},"east":{"uv":[9,10,10,11],"texture":"#item"},"south":{"uv":[9,10,10,11],"texture":"#item"},"west":{"uv":[9,10,10,11],"texture":"#item"},"up":{"uv":[9,10,10,11],"texture":"#item"},"down":{"uv":[9,10,10,11],"texture":"#item"}}},{"from":[6.9830000000000005,11.987,-12.356],"to":[7.313000000000001,12.317,-12.026],"faces":{"north":{"uv":[5,11,6,12],"texture":"#item"},"east":{"uv":[5,11,6,12],"texture":"#item"},"south":{"uv":[5,11,6,12],"texture":"#item"},"west":{"uv":[5,11,6,12],"texture":"#item"},"up":{"uv":[5,11,6,12],"texture":"#item"},"down":{"uv":[5,11,6,12],"texture":"#item"}}},{"from":[7.313000000000001,11.987,-12.356],"to":[7.643000000000001,12.317,-12.026],"faces":{"north":{"uv":[6,11,7,12],"texture":"#item"},"east":{"uv":[6,11,7,12],"texture":"#item"},"south":{"uv":[6,11,7,12],"texture":"#item"},"west":{"uv":[6,11,7,12],"texture":"#item"},"up":{"uv":[6,11,7,12],"texture":"#item"},"down":{"uv":[6,11,7,12],"texture":"#item"}}},{"from":[7.643000000000001,11.987,-12.356],"to":[7.973000000000001,12.317,-12.026],"faces":{"north":{"uv":[7,11,8,12],"texture":"#item"},"east":{"uv":[7,11,8,12],"texture":"#item"},"south":{"uv":[7,11,8,12],"texture":"#item"},"west":{"uv":[7,11,8,12],"texture":"#item"},"up":{"uv":[7,11,8,12],"texture":"#item"},"down":{"uv":[7,11,8,12],"texture":"#item"}}},{"from":[7.973000000000001,11.987,-12.356],"to":[8.303,12.317,-12.026],"faces":{"north":{"uv":[8,11,9,12],"texture":"#item"},"east":{"uv":[8,11,9,12],"texture":"#item"},"south":{"uv":[8,11,9,12],"texture":"#item"},"west":{"uv":[8,11,9,12],"texture":"#item"},"up":{"uv":[8,11,9,12],"texture":"#item"},"down":{"uv":[8,11,9,12],"texture":"#item"}}},{"from":[8.303,11.987,-12.356],"to":[8.633000000000001,12.317,-12.026],"faces":{"north":{"uv":[9,11,10,12],"texture":"#item"},"east":{"uv":[9,11,10,12],"texture":"#item"},"south":{"uv":[9,11,10,12],"texture":"#item"},"west":{"uv":[9,11,10,12],"texture":"#item"},"up":{"uv":[9,11,10,12],"texture":"#item"},"down":{"uv":[9,11,10,12],"texture":"#item"}}},{"from":[8.633000000000001,11.987,-12.356],"to":[8.963000000000001,12.317,-12.026],"faces":{"north":{"uv":[10,11,11,12],"texture":"#item"},"east":{"uv":[10,11,11,12],"texture":"#item"},"south":{"uv":[10,11,11,12],"texture":"#item"},"west":{"uv":[10,11,11,12],"texture":"#item"},"up":{"uv":[10,11,11,12],"texture":"#item"},"down":{"uv":[10,11,11,12],"texture":"#item"}}},{"from":[6.9830000000000005,11.657,-12.356],"to":[7.313000000000001,11.987,-12.026],"faces":{"north":{"uv":[5,12,6,13],"texture":"#item"},"east":{"uv":[5,12,6,13],"texture":"#item"},"south":{"uv":[5,12,6,13],"texture":"#item"},"west":{"uv":[5,12,6,13],"texture":"#item"},"up":{"uv":[5,12,6,13],"texture":"#item"},"down":{"uv":[5,12,6,13],"texture":"#item"}}},{"from":[7.313000000000001,11.657,-12.356],"to":[7.643000000000001,11.987,-12.026],"faces":{"north":{"uv":[6,12,7,13],"texture":"#item"},"east":{"uv":[6,12,7,13],"texture":"#item"},"south":{"uv":[6,12,7,13],"texture":"#item"},"west":{"uv":[6,12,7,13],"texture":"#item"},"up":{"uv":[6,12,7,13],"texture":"#item"},"down":{"uv":[6,12,7,13],"texture":"#item"}}},{"from":[7.643000000000001,11.657,-12.356],"to":[7.973000000000001,11.987,-12.026],"faces":{"north":{"uv":[7,12,8,13],"texture":"#item"},"east":{"uv":[7,12,8,13],"texture":"#item"},"south":{"uv":[7,12,8,13],"texture":"#item"},"west":{"uv":[7,12,8,13],"texture":"#item"},"up":{"uv":[7,12,8,13],"texture":"#item"},"down":{"uv":[7,12,8,13],"texture":"#item"}}},{"from":[7.973000000000001,11.657,-12.356],"to":[8.303,11.987,-12.026],"faces":{"north":{"uv":[8,12,9,13],"texture":"#item"},"east":{"uv":[8,12,9,13],"texture":"#item"},"south":{"uv":[8,12,9,13],"texture":"#item"},"west":{"uv":[8,12,9,13],"texture":"#item"},"up":{"uv":[8,12,9,13],"texture":"#item"},"down":{"uv":[8,12,9,13],"texture":"#item"}}},{"from":[8.303,11.657,-12.356],"to":[8.633000000000001,11.987,-12.026],"faces":{"north":{"uv":[9,12,10,13],"texture":"#item"},"east":{"uv":[9,12,10,13],"texture":"#item"},"south":{"uv":[9,12,10,13],"texture":"#item"},"west":{"uv":[9,12,10,13],"texture":"#item"},"up":{"uv":[9,12,10,13],"texture":"#item"},"down":{"uv":[9,12,10,13],"texture":"#item"}}},{"from":[8.633000000000001,11.657,-12.356],"to":[8.963000000000001,11.987,-12.026],"faces":{"north":{"uv":[10,12,11,13],"texture":"#item"},"east":{"uv":[10,12,11,13],"texture":"#item"},"south":{"uv":[10,12,11,13],"texture":"#item"},"west":{"uv":[10,12,11,13],"texture":"#item"},"up":{"uv":[10,12,11,13],"texture":"#item"},"down":{"uv":[10,12,11,13],"texture":"#item"}}},{"from":[6.9830000000000005,11.327,-12.356],"to":[7.313000000000001,11.657,-12.026],"faces":{"north":{"uv":[5,13,6,14],"texture":"#item"},"east":{"uv":[5,13,6,14],"texture":"#item"},"south":{"uv":[5,13,6,14],"texture":"#item"},"west":{"uv":[5,13,6,14],"texture":"#item"},"up":{"uv":[5,13,6,14],"texture":"#item"},"down":{"uv":[5,13,6,14],"texture":"#item"}}},{"from":[7.313000000000001,11.327,-12.356],"to":[7.643000000000001,11.657,-12.026],"faces":{"north":{"uv":[6,13,7,14],"texture":"#item"},"east":{"uv":[6,13,7,14],"texture":"#item"},"south":{"uv":[6,13,7,14],"texture":"#item"},"west":{"uv":[6,13,7,14],"texture":"#item"},"up":{"uv":[6,13,7,14],"texture":"#item"},"down":{"uv":[6,13,7,14],"texture":"#item"}}},{"from":[7.643000000000001,11.327,-12.356],"to":[7.973000000000001,11.657,-12.026],"faces":{"north":{"uv":[7,13,8,14],"texture":"#item"},"east":{"uv":[7,13,8,14],"texture":"#item"},"south":{"uv":[7,13,8,14],"texture":"#item"},"west":{"uv":[7,13,8,14],"texture":"#item"},"up":{"uv":[7,13,8,14],"texture":"#item"},"down":{"uv":[7,13,8,14],"texture":"#item"}}},{"from":[7.973000000000001,11.327,-12.356],"to":[8.303,11.657,-12.026],"faces":{"north":{"uv":[8,13,9,14],"texture":"#item"},"east":{"uv":[8,13,9,14],"texture":"#item"},"south":{"uv":[8,13,9,14],"texture":"#item"},"west":{"uv":[8,13,9,14],"texture":"#item"},"up":{"uv":[8,13,9,14],"texture":"#item"},"down":{"uv":[8,13,9,14],"texture":"#item"}}},{"from":[8.303,11.327,-12.356],"to":[8.633000000000001,11.657,-12.026],"faces":{"north":{"uv":[9,13,10,14],"texture":"#item"},"east":{"uv":[9,13,10,14],"texture":"#item"},"south":{"uv":[9,13,10,14],"texture":"#item"},"west":{"uv":[9,13,10,14],"texture":"#item"},"up":{"uv":[9,13,10,14],"texture":"#item"},"down":{"uv":[9,13,10,14],"texture":"#item"}}},{"from":[8.633000000000001,11.327,-12.356],"to":[8.963000000000001,11.657,-12.026],"faces":{"north":{"uv":[10,13,11,14],"texture":"#item"},"east":{"uv":[10,13,11,14],"texture":"#item"},"south":{"uv":[10,13,11,14],"texture":"#item"},"west":{"uv":[10,13,11,14],"texture":"#item"},"up":{"uv":[10,13,11,14],"texture":"#item"},"down":{"uv":[10,13,11,14],"texture":"#item"}}},{"from":[6.9830000000000005,10.997,-12.356],"to":[7.313000000000001,11.327,-12.026],"faces":{"north":{"uv":[5,14,6,15],"texture":"#item"},"east":{"uv":[5,14,6,15],"texture":"#item"},"south":{"uv":[5,14,6,15],"texture":"#item"},"west":{"uv":[5,14,6,15],"texture":"#item"},"up":{"uv":[5,14,6,15],"texture":"#item"},"down":{"uv":[5,14,6,15],"texture":"#item"}}},{"from":[7.313000000000001,10.997,-12.356],"to":[7.643000000000001,11.327,-12.026],"faces":{"north":{"uv":[6,14,7,15],"texture":"#item"},"east":{"uv":[6,14,7,15],"texture":"#item"},"south":{"uv":[6,14,7,15],"texture":"#item"},"west":{"uv":[6,14,7,15],"texture":"#item"},"up":{"uv":[6,14,7,15],"texture":"#item"},"down":{"uv":[6,14,7,15],"texture":"#item"}}},{"from":[7.643000000000001,10.997,-12.356],"to":[7.973000000000001,11.327,-12.026],"faces":{"north":{"uv":[7,14,8,15],"texture":"#item"},"east":{"uv":[7,14,8,15],"texture":"#item"},"south":{"uv":[7,14,8,15],"texture":"#item"},"west":{"uv":[7,14,8,15],"texture":"#item"},"up":{"uv":[7,14,8,15],"texture":"#item"},"down":{"uv":[7,14,8,15],"texture":"#item"}}},{"from":[7.973000000000001,10.997,-12.356],"to":[8.303,11.327,-12.026],"faces":{"north":{"uv":[8,14,9,15],"texture":"#item"},"east":{"uv":[8,14,9,15],"texture":"#item"},"south":{"uv":[8,14,9,15],"texture":"#item"},"west":{"uv":[8,14,9,15],"texture":"#item"},"up":{"uv":[8,14,9,15],"texture":"#item"},"down":{"uv":[8,14,9,15],"texture":"#item"}}},{"from":[8.303,10.997,-12.356],"to":[8.633000000000001,11.327,-12.026],"faces":{"north":{"uv":[9,14,10,15],"texture":"#item"},"east":{"uv":[9,14,10,15],"texture":"#item"},"south":{"uv":[9,14,10,15],"texture":"#item"},"west":{"uv":[9,14,10,15],"texture":"#item"},"up":{"uv":[9,14,10,15],"texture":"#item"},"down":{"uv":[9,14,10,15],"texture":"#item"}}},{"from":[8.633000000000001,10.997,-12.356],"to":[8.963000000000001,11.327,-12.026],"faces":{"north":{"uv":[10,14,11,15],"texture":"#item"},"east":{"uv":[10,14,11,15],"texture":"#item"},"south":{"uv":[10,14,11,15],"texture":"#item"},"west":{"uv":[10,14,11,15],"texture":"#item"},"up":{"uv":[10,14,11,15],"texture":"#item"},"down":{"uv":[10,14,11,15],"texture":"#item"}}},{"from":[6.9830000000000005,10.667,-12.356],"to":[7.313000000000001,10.997,-12.026],"faces":{"north":{"uv":[5,15,6,16],"texture":"#item"},"east":{"uv":[5,15,6,16],"texture":"#item"},"south":{"uv":[5,15,6,16],"texture":"#item"},"west":{"uv":[5,15,6,16],"texture":"#item"},"up":{"uv":[5,15,6,16],"texture":"#item"},"down":{"uv":[5,15,6,16],"texture":"#item"}}},{"from":[7.313000000000001,10.667,-12.356],"to":[7.643000000000001,10.997,-12.026],"faces":{"north":{"uv":[6,15,7,16],"texture":"#item"},"east":{"uv":[6,15,7,16],"texture":"#item"},"south":{"uv":[6,15,7,16],"texture":"#item"},"west":{"uv":[6,15,7,16],"texture":"#item"},"up":{"uv":[6,15,7,16],"texture":"#item"},"down":{"uv":[6,15,7,16],"texture":"#item"}}},{"from":[7.643000000000001,10.667,-12.356],"to":[7.973000000000001,10.997,-12.026],"faces":{"north":{"uv":[7,15,8,16],"texture":"#item"},"east":{"uv":[7,15,8,16],"texture":"#item"},"south":{"uv":[7,15,8,16],"texture":"#item"},"west":{"uv":[7,15,8,16],"texture":"#item"},"up":{"uv":[7,15,8,16],"texture":"#item"},"down":{"uv":[7,15,8,16],"texture":"#item"}}},{"from":[7.973000000000001,10.667,-12.356],"to":[8.303,10.997,-12.026],"faces":{"north":{"uv":[8,15,9,16],"texture":"#item"},"east":{"uv":[8,15,9,16],"texture":"#item"},"south":{"uv":[8,15,9,16],"texture":"#item"},"west":{"uv":[8,15,9,16],"texture":"#item"},"up":{"uv":[8,15,9,16],"texture":"#item"},"down":{"uv":[8,15,9,16],"texture":"#item"}}},{"from":[8.303,10.667,-12.356],"to":[8.633000000000001,10.997,-12.026],"faces":{"north":{"uv":[9,15,10,16],"texture":"#item"},"east":{"uv":[9,15,10,16],"texture":"#item"},"south":{"uv":[9,15,10,16],"texture":"#item"},"west":{"uv":[9,15,10,16],"texture":"#item"},"up":{"uv":[9,15,10,16],"texture":"#item"},"down":{"uv":[9,15,10,16],"texture":"#item"}}},{"from":[8.633000000000001,10.667,-12.356],"to":[8.963000000000001,10.997,-12.026],"faces":{"north":{"uv":[10,15,11,16],"texture":"#item"},"east":{"uv":[10,15,11,16],"texture":"#item"},"south":{"uv":[10,15,11,16],"texture":"#item"},"west":{"uv":[10,15,11,16],"texture":"#item"},"up":{"uv":[10,15,11,16],"texture":"#item"},"down":{"uv":[10,15,11,16],"texture":"#item"}}}],"display":{"thirdperson_righthand":{"rotation":[75,45,0],"translation":[0,2.5,0],"scale":[0.375,0.375,0.375]},"thirdperson_lefthand":{"rotation":[75,45,0],"translation":[0,2.5,0],"scale":[0.375,0.375,0.375]},"firstperson_righthand":{"rotation":[0,45,0],"scale":[0.4,0.4,0.4]},"firstperson_lefthand":{"rotation":[0,225,0],"scale":[0.4,0.4,0.4]},"ground":{"translation":[0,3,0],"scale":[0.25,0.25,0.25]},"gui":{"rotation":[30,225,0],"scale":[0.625,0.625,0.625]},"head":{"translation":[0,4,0.5]},"fixed":{"scale":[0.5,0.5,0.5]}}}