{"textures":{"particle":"#main","main":"cft:block/dropper_19_main","base":"cft:block/dropper_19_base","spout":"minecraft:block/quartz_block_bottom","spigot":"minecraft:block/stone","item":"cft:item/dropper/nerds"},"elements":[{"from":[0,0,12],"to":[16,2,25],"faces":{"north":{"uv":[0,14,16,16],"texture":"#main"},"east":{"uv":[3,14,16,16],"texture":"#main"},"west":{"uv":[16,14,3,16],"texture":"#main"}}},{"from":[0,2,12],"to":[16,12,25],"faces":{"east":{"uv":[3,4,16,14],"texture":"#main"},"west":{"uv":[16,4,3,14],"texture":"#main"}}},{"from":[0,0,25],"to":[16,12,26],"faces":{"east":{"uv":[2,4,3,16],"texture":"#main"},"south":{"uv":[0,4,16,16],"texture":"#main"},"west":{"uv":[3,4,2,16],"texture":"#main"},"up":{"uv":[0,13,16,14],"texture":"#main"}}},{"from":[0,4,11],"to":[16,10,12],"faces":{"east":{"uv":[0,6,1,12],"texture":"#main"},"west":{"uv":[1,6,0,12],"texture":"#main"}}},{"from":[0,2,11],"to":[16,4,12],"faces":{"north":{"uv":[0,12,16,14],"texture":"#main"},"east":{"uv":[0,12,1,14],"texture":"#main"},"west":{"uv":[1,12,0,14],"texture":"#main"},"down":{"uv":[0,16,16,15],"texture":"#main"}}},{"from":[0,4,10],"to":[16,6,11],"faces":{"north":{"uv":[0,10,16,12],"texture":"#main"},"east":{"uv":[1,10,2,12],"texture":"#main"},"west":{"uv":[2,10,1,12],"texture":"#main"},"down":{"uv":[0,15,16,14],"texture":"#main"}}},{"from":[0,6,10],"to":[16,10,11],"faces":{"east":{"uv":[1,6,2,10],"texture":"#main"},"west":{"uv":[2,6,1,10],"texture":"#main"}}},{"from":[0,6,8],"to":[16,8,10],"faces":{"north":{"uv":[0,8,16,10],"texture":"#main"},"east":{"uv":[2,8,4,10],"texture":"#main"},"west":{"uv":[4,8,2,10],"texture":"#main"},"down":{"uv":[0,14,16,12],"texture":"#main"}}},{"from":[0,8,8],"to":[16,10,10],"faces":{"east":{"uv":[2,6,4,8],"texture":"#main"},"west":{"uv":[4,6,2,8],"texture":"#main"}}},{"from":[0,9,5],"to":[16,10,8],"faces":{"east":{"uv":[4,6,7,7],"texture":"#main"},"west":{"uv":[7,6,4,7],"texture":"#main"}}},{"from":[0,8,5],"to":[16,9,8],"faces":{"north":{"uv":[0,7,16,8],"texture":"#main"},"east":{"uv":[4,7,7,8],"texture":"#main"},"west":{"uv":[7,7,4,8],"texture":"#main"},"down":{"uv":[0,12,16,9],"texture":"#main"}}},{"from":[0,9,3],"to":[16,10,5],"faces":{"north":{"uv":[0,6,16,7],"texture":"#main"},"east":{"uv":[7,6,9,7],"texture":"#main"},"west":{"uv":[9,6,7,7],"texture":"#main"},"down":{"uv":[0,9,16,7],"texture":"#main"}}},{"from":[0,16,-4],"to":[16,18,12],"faces":{"east":{"uv":[0,14,16,16],"texture":"#main"},"west":{"uv":[16,14,0,16],"texture":"#main"},"up":{"uv":[0,0,16,16],"texture":"#main"}}},{"from":[0,16,12],"to":[16,18,19],"faces":{"east":{"uv":[9,14,16,16],"texture":"#main"},"south":{"uv":[0,14,16,16],"texture":"#main"},"west":{"uv":[16,14,9,16],"texture":"#main"},"up":{"uv":[0,0,16,7],"texture":"#main"}}},{"from":[0,14,19],"to":[16,16,23],"faces":{"east":{"uv":[5,0,9,2],"texture":"#main"},"south":{"uv":[0,0,16,2],"texture":"#main"},"west":{"uv":[9,0,5,2],"texture":"#main"},"up":{"uv":[0,7,16,11],"texture":"#main"}}},{"from":[0,14,12],"to":[16,16,19],"faces":{"east":{"uv":[9,0,16,2],"texture":"#main"},"west":{"uv":[16,0,9,2],"texture":"#main"}}},{"from":[0,12,12],"to":[16,14,23],"faces":{"east":{"uv":[5,2,16,4],"texture":"#main"},"west":{"uv":[16,2,5,4],"texture":"#main"}}},{"from":[0,12,23],"to":[16,14,25],"faces":{"east":{"uv":[3,2,5,4],"texture":"#main"},"south":{"uv":[0,2,16,4],"texture":"#main"},"west":{"uv":[5,2,3,4],"texture":"#main"},"up":{"uv":[0,11,16,13],"texture":"#main"}}},{"from":[0,10,-4],"to":[16,16,3],"faces":{"east":{"uv":[9,0,16,6],"texture":"#main"},"west":{"uv":[16,0,9,6],"texture":"#main"},"down":{"uv":[0,7,16,0],"texture":"#main"}}},{"from":[0,10,3],"to":[16,16,12],"faces":{"east":{"uv":[0,0,9,6],"texture":"#main"},"west":{"uv":[9,0,0,6],"texture":"#main"}}},{"from":[0,10,-8],"to":[16,16,-4],"faces":{"east":{"uv":[0,0,4,6],"texture":"#main"},"west":{"uv":[4,0,0,6],"texture":"#main"},"down":{"uv":[0,16,16,12],"texture":"#main"}}},{"from":[0,10,-12],"to":[16,16,-8],"faces":{"north":{"uv":[0,0,16,6],"texture":"#main"},"east":{"uv":[4,0,8,6],"texture":"#main"},"west":{"uv":[8,0,4,6],"texture":"#main"},"up":{"uv":[0,9,16,13],"texture":"#main"},"down":{"uv":[0,13,16,9],"texture":"#main"}}},{"from":[0,16,-9],"to":[16,18,-4],"faces":{"north":{"uv":[0,14,16,16],"texture":"#main"},"east":{"uv":[0,14,5,16],"texture":"#main"},"west":{"uv":[5,14,0,16],"texture":"#main"},"up":{"uv":[0,11,16,16],"texture":"#main"}}},{"from":[0,16,-11],"to":[16,17,-9],"faces":{"north":{"uv":[0,15,16,16],"texture":"#main"},"east":{"uv":[5,15,7,16],"texture":"#main"},"west":{"uv":[7,15,5,16],"texture":"#main"},"up":{"uv":[0,9,16,11],"texture":"#main"}}},{"from":[7,0,-7],"to":[9,10,-5],"faces":{"north":{"uv":[0,0,2,10],"texture":"#spout"},"east":{"uv":[0,0,2,10],"texture":"#spout"},"south":{"uv":[0,0,2,10],"texture":"#spout"},"west":{"uv":[0,0,2,10],"texture":"#spout"}}},{"from":[6.5,-1,-7.5],"to":[9.5,0,-4.5],"faces":{"north":{"uv":[6,8,9,9],"texture":"#spigot"},"east":{"uv":[9,8,12,9],"texture":"#spigot"},"south":{"uv":[6,4,9,5],"texture":"#spigot"},"west":{"uv":[3,8,6,9],"texture":"#spigot"},"up":{"uv":[6,5,9,8],"texture":"#spigot"},"down":{"uv":[6,9,9,12],"texture":"#spigot"}}},{"from":[5.663,15.617,-12.356],"to":[5.993,15.947,-12.026],"faces":{"north":{"uv":[1,0,2,1],"texture":"#item"},"east":{"uv":[1,0,2,1],"texture":"#item"},"south":{"uv":[1,0,2,1],"texture":"#item"},"west":{"uv":[1,0,2,1],"texture":"#item"},"up":{"uv":[1,0,2,1],"texture":"#item"},"down":{"uv":[1,0,2,1],"texture":"#item"}}},{"from":[6.323,15.286999999999999,-12.356],"to":[6.6530000000000005,15.617,-12.026],"faces":{"north":{"uv":[3,1,4,2],"texture":"#item"},"east":{"uv":[3,1,4,2],"texture":"#item"},"south":{"uv":[3,1,4,2],"texture":"#item"},"west":{"uv":[3,1,4,2],"texture":"#item"},"up":{"uv":[3,1,4,2],"texture":"#item"},"down":{"uv":[3,1,4,2],"texture":"#item"}}},{"from":[7.313000000000001,15.286999999999999,-12.356],"to":[7.643000000000001,15.617,-12.026],"faces":{"north":{"uv":[6,1,7,2],"texture":"#item"},"east":{"uv":[6,1,7,2],"texture":"#item"},"south":{"uv":[6,1,7,2],"texture":"#item"},"west":{"uv":[6,1,7,2],"texture":"#item"},"up":{"uv":[6,1,7,2],"texture":"#item"},"down":{"uv":[6,1,7,2],"texture":"#item"}}},{"from":[7.643000000000001,15.286999999999999,-12.356],"to":[7.973000000000001,15.617,-12.026],"faces":{"north":{"uv":[7,1,8,2],"texture":"#item"},"east":{"uv":[7,1,8,2],"texture":"#item"},"south":{"uv":[7,1,8,2],"texture":"#item"},"west":{"uv":[7,1,8,2],"texture":"#item"},"up":{"uv":[7,1,8,2],"texture":"#item"},"down":{"uv":[7,1,8,2],"texture":"#item"}}},{"from":[9.623000000000001,15.286999999999999,-12.356],"to":[9.953,15.617,-12.026],"faces":{"north":{"uv":[13,1,14,2],"texture":"#item"},"east":{"uv":[13,1,14,2],"texture":"#item"},"south":{"uv":[13,1,14,2],"texture":"#item"},"west":{"uv":[13,1,14,2],"texture":"#item"},"up":{"uv":[13,1,14,2],"texture":"#item"},"down":{"uv":[13,1,14,2],"texture":"#item"}}},{"from":[5.333,14.957,-12.356],"to":[5.663,15.286999999999999,-12.026],"faces":{"north":{"uv":[0,2,1,3],"texture":"#item"},"east":{"uv":[0,2,1,3],"texture":"#item"},"south":{"uv":[0,2,1,3],"texture":"#item"},"west":{"uv":[0,2,1,3],"texture":"#item"},"up":{"uv":[0,2,1,3],"texture":"#item"},"down":{"uv":[0,2,1,3],"texture":"#item"}}},{"from":[6.6530000000000005,14.957,-12.356],"to":[6.9830000000000005,15.286999999999999,-12.026],"faces":{"north":{"uv":[4,2,5,3],"texture":"#item"},"east":{"uv":[4,2,5,3],"texture":"#item"},"south":{"uv":[4,2,5,3],"texture":"#item"},"west":{"uv":[4,2,5,3],"texture":"#item"},"up":{"uv":[4,2,5,3],"texture":"#item"},"down":{"uv":[4,2,5,3],"texture":"#item"}}},{"from":[7.973000000000001,14.957,-12.356],"to":[8.303,15.286999999999999,-12.026],"faces":{"north":{"uv":[8,2,9,3],"texture":"#item"},"east":{"uv":[8,2,9,3],"texture":"#item"},"south":{"uv":[8,2,9,3],"texture":"#item"},"west":{"uv":[8,2,9,3],"texture":"#item"},"up":{"uv":[8,2,9,3],"texture":"#item"},"down":{"uv":[8,2,9,3],"texture":"#item"}}},{"from":[8.303,14.957,-12.356],"to":[8.633000000000001,15.286999999999999,-12.026],"faces":{"north":{"uv":[9,2,10,3],"texture":"#item"},"east":{"uv":[9,2,10,3],"texture":"#item"},"south":{"uv":[9,2,10,3],"texture":"#item"},"west":{"uv":[9,2,10,3],"texture":"#item"},"up":{"uv":[9,2,10,3],"texture":"#item"},"down":{"uv":[9,2,10,3],"texture":"#item"}}},{"from":[5.663,14.626999999999999,-12.356],"to":[5.993,14.957,-12.026],"faces":{"north":{"uv":[1,3,2,4],"texture":"#item"},"east":{"uv":[1,3,2,4],"texture":"#item"},"south":{"uv":[1,3,2,4],"texture":"#item"},"west":{"uv":[1,3,2,4],"texture":"#item"},"up":{"uv":[1,3,2,4],"texture":"#item"},"down":{"uv":[1,3,2,4],"texture":"#item"}}},{"from":[6.323,14.626999999999999,-12.356],"to":[6.6530000000000005,14.957,-12.026],"faces":{"north":{"uv":[3,3,4,4],"texture":"#item"},"east":{"uv":[3,3,4,4],"texture":"#item"},"south":{"uv":[3,3,4,4],"texture":"#item"},"west":{"uv":[3,3,4,4],"texture":"#item"},"up":{"uv":[3,3,4,4],"texture":"#item"},"down":{"uv":[3,3,4,4],"texture":"#item"}}},{"from":[6.9830000000000005,14.626999999999999,-12.356],"to":[7.313000000000001,14.957,-12.026],"faces":{"north":{"uv":[5,3,6,4],"texture":"#item"},"east":{"uv":[5,3,6,4],"texture":"#item"},"south":{"uv":[5,3,6,4],"texture":"#item"},"west":{"uv":[5,3,6,4],"texture":"#item"},"up":{"uv":[5,3,6,4],"texture":"#item"},"down":{"uv":[5,3,6,4],"texture":"#item"}}},{"from":[7.643000000000001,14.626999999999999,-12.356],"to":[7.973000000000001,14.957,-12.026],"faces":{"north":{"uv":[7,3,8,4],"texture":"#item"},"east":{"uv":[7,3,8,4],"texture":"#item"},"south":{"uv":[7,3,8,4],"texture":"#item"},"west":{"uv":[7,3,8,4],"texture":"#item"},"up":{"uv":[7,3,8,4],"texture":"#item"},"down":{"uv":[7,3,8,4],"texture":"#item"}}},{"from":[8.633000000000001,14.626999999999999,-12.356],"to":[8.963000000000001,14.957,-12.026],"faces":{"north":{"uv":[10,3,11,4],"texture":"#item"},"east":{"uv":[10,3,11,4],"texture":"#item"},"south":{"uv":[10,3,11,4],"texture":"#item"},"west":{"uv":[10,3,11,4],"texture":"#item"},"up":{"uv":[10,3,11,4],"texture":"#item"},"down":{"uv":[10,3,11,4],"texture":"#item"}}},{"from":[9.293,14.626999999999999,-12.356],"to":[9.623000000000001,14.957,-12.026],"faces":{"north":{"uv":[12,3,13,4],"texture":"#item"},"east":{"uv":[12,3,13,4],"texture":"#item"},"south":{"uv":[12,3,13,4],"texture":"#item"},"west":{"uv":[12,3,13,4],"texture":"#item"},"up":{"uv":[12,3,13,4],"texture":"#item"},"down":{"uv":[12,3,13,4],"texture":"#item"}}},{"from":[10.283000000000001,14.626999999999999,-12.356],"to":[10.613,14.957,-12.026],"faces":{"north":{"uv":[15,3,16,4],"texture":"#item"},"east":{"uv":[15,3,16,4],"texture":"#item"},"south":{"uv":[15,3,16,4],"texture":"#item"},"west":{"uv":[15,3,16,4],"texture":"#item"},"up":{"uv":[15,3,16,4],"texture":"#item"},"down":{"uv":[15,3,16,4],"texture":"#item"}}},{"from":[6.6530000000000005,14.297,-12.356],"to":[6.9830000000000005,14.626999999999999,-12.026],"faces":{"north":{"uv":[4,4,5,5],"texture":"#item"},"east":{"uv":[4,4,5,5],"texture":"#item"},"south":{"uv":[4,4,5,5],"texture":"#item"},"west":{"uv":[4,4,5,5],"texture":"#item"},"up":{"uv":[4,4,5,5],"texture":"#item"},"down":{"uv":[4,4,5,5],"texture":"#item"}}},{"from":[7.973000000000001,14.297,-12.356],"to":[8.303,14.626999999999999,-12.026],"faces":{"north":{"uv":[8,4,9,5],"texture":"#item"},"east":{"uv":[8,4,9,5],"texture":"#item"},"south":{"uv":[8,4,9,5],"texture":"#item"},"west":{"uv":[8,4,9,5],"texture":"#item"},"up":{"uv":[8,4,9,5],"texture":"#item"},"down":{"uv":[8,4,9,5],"texture":"#item"}}},{"from":[9.953,14.297,-12.356],"to":[10.283000000000001,14.626999999999999,-12.026],"faces":{"north":{"uv":[14,4,15,5],"texture":"#item"},"east":{"uv":[14,4,15,5],"texture":"#item"},"south":{"uv":[14,4,15,5],"texture":"#item"},"west":{"uv":[14,4,15,5],"texture":"#item"},"up":{"uv":[14,4,15,5],"texture":"#item"},"down":{"uv":[14,4,15,5],"texture":"#item"}}},{"from":[5.333,13.967,-12.356],"to":[5.663,14.297,-12.026],"faces":{"north":{"uv":[0,5,1,6],"texture":"#item"},"east":{"uv":[0,5,1,6],"texture":"#item"},"south":{"uv":[0,5,1,6],"texture":"#item"},"west":{"uv":[0,5,1,6],"texture":"#item"},"up":{"uv":[0,5,1,6],"texture":"#item"},"down":{"uv":[0,5,1,6],"texture":"#item"}}},{"from":[5.993,13.967,-12.356],"to":[6.323,14.297,-12.026],"faces":{"north":{"uv":[2,5,3,6],"texture":"#item"},"east":{"uv":[2,5,3,6],"texture":"#item"},"south":{"uv":[2,5,3,6],"texture":"#item"},"west":{"uv":[2,5,3,6],"texture":"#item"},"up":{"uv":[2,5,3,6],"texture":"#item"},"down":{"uv":[2,5,3,6],"texture":"#item"}}},{"from":[6.6530000000000005,13.967,-12.356],"to":[6.9830000000000005,14.297,-12.026],"faces":{"north":{"uv":[4,5,5,6],"texture":"#item"},"east":{"uv":[4,5,5,6],"texture":"#item"},"south":{"uv":[4,5,5,6],"texture":"#item"},"west":{"uv":[4,5,5,6],"texture":"#item"},"up":{"uv":[4,5,5,6],"texture":"#item"},"down":{"uv":[4,5,5,6],"texture":"#item"}}},{"from":[7.313000000000001,13.967,-12.356],"to":[7.643000000000001,14.297,-12.026],"faces":{"north":{"uv":[6,5,7,6],"texture":"#item"},"east":{"uv":[6,5,7,6],"texture":"#item"},"south":{"uv":[6,5,7,6],"texture":"#item"},"west":{"uv":[6,5,7,6],"texture":"#item"},"up":{"uv":[6,5,7,6],"texture":"#item"},"down":{"uv":[6,5,7,6],"texture":"#item"}}},{"from":[7.643000000000001,13.967,-12.356],"to":[7.973000000000001,14.297,-12.026],"faces":{"north":{"uv":[7,5,8,6],"texture":"#item"},"east":{"uv":[7,5,8,6],"texture":"#item"},"south":{"uv":[7,5,8,6],"texture":"#item"},"west":{"uv":[7,5,8,6],"texture":"#item"},"up":{"uv":[7,5,8,6],"texture":"#item"},"down":{"uv":[7,5,8,6],"texture":"#item"}}},{"from":[8.303,13.967,-12.356],"to":[8.633000000000001,14.297,-12.026],"faces":{"north":{"uv":[9,5,10,6],"texture":"#item"},"east":{"uv":[9,5,10,6],"texture":"#item"},"south":{"uv":[9,5,10,6],"texture":"#item"},"west":{"uv":[9,5,10,6],"texture":"#item"},"up":{"uv":[9,5,10,6],"texture":"#item"},"down":{"uv":[9,5,10,6],"texture":"#item"}}},{"from":[9.293,13.967,-12.356],"to":[9.623000000000001,14.297,-12.026],"faces":{"north":{"uv":[12,5,13,6],"texture":"#item"},"east":{"uv":[12,5,13,6],"texture":"#item"},"south":{"uv":[12,5,13,6],"texture":"#item"},"west":{"uv":[12,5,13,6],"texture":"#item"},"up":{"uv":[12,5,13,6],"texture":"#item"},"down":{"uv":[12,5,13,6],"texture":"#item"}}},{"from":[6.323,13.637,-12.356],"to":[6.6530000000000005,13.967,-12.026],"faces":{"north":{"uv":[3,6,4,7],"texture":"#item"},"east":{"uv":[3,6,4,7],"texture":"#item"},"south":{"uv":[3,6,4,7],"texture":"#item"},"west":{"uv":[3,6,4,7],"texture":"#item"},"up":{"uv":[3,6,4,7],"texture":"#item"},"down":{"uv":[3,6,4,7],"texture":"#item"}}},{"from":[6.9830000000000005,13.637,-12.356],"to":[7.313000000000001,13.967,-12.026],"faces":{"north":{"uv":[5,6,6,7],"texture":"#item"},"east":{"uv":[5,6,6,7],"texture":"#item"},"south":{"uv":[5,6,6,7],"texture":"#item"},"west":{"uv":[5,6,6,7],"texture":"#item"},"up":{"uv":[5,6,6,7],"texture":"#item"},"down":{"uv":[5,6,6,7],"texture":"#item"}}},{"from":[7.313000000000001,13.637,-12.356],"to":[7.643000000000001,13.967,-12.026],"faces":{"north":{"uv":[6,6,7,7],"texture":"#item"},"east":{"uv":[6,6,7,7],"texture":"#item"},"south":{"uv":[6,6,7,7],"texture":"#item"},"west":{"uv":[6,6,7,7],"texture":"#item"},"up":{"uv":[6,6,7,7],"texture":"#item"},"down":{"uv":[6,6,7,7],"texture":"#item"}}},{"from":[8.633000000000001,13.637,-12.356],"to":[8.963000000000001,13.967,-12.026],"faces":{"north":{"uv":[10,6,11,7],"texture":"#item"},"east":{"uv":[10,6,11,7],"texture":"#item"},"south":{"uv":[10,6,11,7],"texture":"#item"},"west":{"uv":[10,6,11,7],"texture":"#item"},"up":{"uv":[10,6,11,7],"texture":"#item"},"down":{"uv":[10,6,11,7],"texture":"#item"}}},{"from":[9.623000000000001,13.637,-12.356],"to":[9.953,13.967,-12.026],"faces":{"north":{"uv":[13,6,14,7],"texture":"#item"},"east":{"uv":[13,6,14,7],"texture":"#item"},"south":{"uv":[13,6,14,7],"texture":"#item"},"west":{"uv":[13,6,14,7],"texture":"#item"},"up":{"uv":[13,6,14,7],"texture":"#item"},"down":{"uv":[13,6,14,7],"texture":"#item"}}},{"from":[5.663,13.307,-12.356],"to":[5.993,13.637,-12.026],"faces":{"north":{"uv":[1,7,2,8],"texture":"#item"},"east":{"uv":[1,7,2,8],"texture":"#item"},"south":{"uv":[1,7,2,8],"texture":"#item"},"west":{"uv":[1,7,2,8],"texture":"#item"},"up":{"uv":[1,7,2,8],"texture":"#item"},"down":{"uv":[1,7,2,8],"texture":"#item"}}},{"from":[7.313000000000001,13.307,-12.356],"to":[7.643000000000001,13.637,-12.026],"faces":{"north":{"uv":[6,7,7,8],"texture":"#item"},"east":{"uv":[6,7,7,8],"texture":"#item"},"south":{"uv":[6,7,7,8],"texture":"#item"},"west":{"uv":[6,7,7,8],"texture":"#item"},"up":{"uv":[6,7,7,8],"texture":"#item"},"down":{"uv":[6,7,7,8],"texture":"#item"}}},{"from":[7.973000000000001,13.307,-12.356],"to":[8.303,13.637,-12.026],"faces":{"north":{"uv":[8,7,9,8],"texture":"#item"},"east":{"uv":[8,7,9,8],"texture":"#item"},"south":{"uv":[8,7,9,8],"texture":"#item"},"west":{"uv":[8,7,9,8],"texture":"#item"},"up":{"uv":[8,7,9,8],"texture":"#item"},"down":{"uv":[8,7,9,8],"texture":"#item"}}},{"from":[8.963000000000001,13.307,-12.356],"to":[9.293,13.637,-12.026],"faces":{"north":{"uv":[11,7,12,8],"texture":"#item"},"east":{"uv":[11,7,12,8],"texture":"#item"},"south":{"uv":[11,7,12,8],"texture":"#item"},"west":{"uv":[11,7,12,8],"texture":"#item"},"up":{"uv":[11,7,12,8],"texture":"#item"},"down":{"uv":[11,7,12,8],"texture":"#item"}}},{"from":[5.993,12.977,-12.356],"to":[6.323,13.307,-12.026],"faces":{"north":{"uv":[2,8,3,9],"texture":"#item"},"east":{"uv":[2,8,3,9],"texture":"#item"},"south":{"uv":[2,8,3,9],"texture":"#item"},"west":{"uv":[2,8,3,9],"texture":"#item"},"up":{"uv":[2,8,3,9],"texture":"#item"},"down":{"uv":[2,8,3,9],"texture":"#item"}}},{"from":[6.323,12.977,-12.356],"to":[6.6530000000000005,13.307,-12.026],"faces":{"north":{"uv":[3,8,4,9],"texture":"#item"},"east":{"uv":[3,8,4,9],"texture":"#item"},"south":{"uv":[3,8,4,9],"texture":"#item"},"west":{"uv":[3,8,4,9],"texture":"#item"},"up":{"uv":[3,8,4,9],"texture":"#item"},"down":{"uv":[3,8,4,9],"texture":"#item"}}},{"from":[6.6530000000000005,12.977,-12.356],"to":[6.9830000000000005,13.307,-12.026],"faces":{"north":{"uv":[4,8,5,9],"texture":"#item"},"east":{"uv":[4,8,5,9],"texture":"#item"},"south":{"uv":[4,8,5,9],"texture":"#item"},"west":{"uv":[4,8,5,9],"texture":"#item"},"up":{"uv":[4,8,5,9],"texture":"#item"},"down":{"uv":[4,8,5,9],"texture":"#item"}}},{"from":[7.313000000000001,12.977,-12.356],"to":[7.643000000000001,13.307,-12.026],"faces":{"north":{"uv":[6,8,7,9],"texture":"#item"},"east":{"uv":[6,8,7,9],"texture":"#item"},"south":{"uv":[6,8,7,9],"texture":"#item"},"west":{"uv":[6,8,7,9],"texture":"#item"},"up":{"uv":[6,8,7,9],"texture":"#item"},"down":{"uv":[6,8,7,9],"texture":"#item"}}},{"from":[10.283000000000001,12.977,-12.356],"to":[10.613,13.307,-12.026],"faces":{"north":{"uv":[15,8,16,9],"texture":"#item"},"east":{"uv":[15,8,16,9],"texture":"#item"},"south":{"uv":[15,8,16,9],"texture":"#item"},"west":{"uv":[15,8,16,9],"texture":"#item"},"up":{"uv":[15,8,16,9],"texture":"#item"},"down":{"uv":[15,8,16,9],"texture":"#item"}}},{"from":[6.6530000000000005,12.647,-12.356],"to":[6.9830000000000005,12.977,-12.026],"faces":{"north":{"uv":[4,9,5,10],"texture":"#item"},"east":{"uv":[4,9,5,10],"texture":"#item"},"south":{"uv":[4,9,5,10],"texture":"#item"},"west":{"uv":[4,9,5,10],"texture":"#item"},"up":{"uv":[4,9,5,10],"texture":"#item"},"down":{"uv":[4,9,5,10],"texture":"#item"}}},{"from":[6.9830000000000005,12.647,-12.356],"to":[7.313000000000001,12.977,-12.026],"faces":{"north":{"uv":[5,9,6,10],"texture":"#item"},"east":{"uv":[5,9,6,10],"texture":"#item"},"south":{"uv":[5,9,6,10],"texture":"#item"},"west":{"uv":[5,9,6,10],"texture":"#item"},"up":{"uv":[5,9,6,10],"texture":"#item"},"down":{"uv":[5,9,6,10],"texture":"#item"}}},{"from":[7.973000000000001,12.647,-12.356],"to":[8.303,12.977,-12.026],"faces":{"north":{"uv":[8,9,9,10],"texture":"#item"},"east":{"uv":[8,9,9,10],"texture":"#item"},"south":{"uv":[8,9,9,10],"texture":"#item"},"west":{"uv":[8,9,9,10],"texture":"#item"},"up":{"uv":[8,9,9,10],"texture":"#item"},"down":{"uv":[8,9,9,10],"texture":"#item"}}},{"from":[8.303,12.647,-12.356],"to":[8.633000000000001,12.977,-12.026],"faces":{"north":{"uv":[9,9,10,10],"texture":"#item"},"east":{"uv":[9,9,10,10],"texture":"#item"},"south":{"uv":[9,9,10,10],"texture":"#item"},"west":{"uv":[9,9,10,10],"texture":"#item"},"up":{"uv":[9,9,10,10],"texture":"#item"},"down":{"uv":[9,9,10,10],"texture":"#item"}}},{"from":[8.963000000000001,12.647,-12.356],"to":[9.293,12.977,-12.026],"faces":{"north":{"uv":[11,9,12,10],"texture":"#item"},"east":{"uv":[11,9,12,10],"texture":"#item"},"south":{"uv":[11,9,12,10],"texture":"#item"},"west":{"uv":[11,9,12,10],"texture":"#item"},"up":{"uv":[11,9,12,10],"texture":"#item"},"down":{"uv":[11,9,12,10],"texture":"#item"}}},{"from":[9.623000000000001,12.647,-12.356],"to":[9.953,12.977,-12.026],"faces":{"north":{"uv":[13,9,14,10],"texture":"#item"},"east":{"uv":[13,9,14,10],"texture":"#item"},"south":{"uv":[13,9,14,10],"texture":"#item"},"west":{"uv":[13,9,14,10],"texture":"#item"},"up":{"uv":[13,9,14,10],"texture":"#item"},"down":{"uv":[13,9,14,10],"texture":"#item"}}},{"from":[5.333,12.317,-12.356],"to":[5.663,12.647,-12.026],"faces":{"north":{"uv":[0,10,1,11],"texture":"#item"},"east":{"uv":[0,10,1,11],"texture":"#item"},"south":{"uv":[0,10,1,11],"texture":"#item"},"west":{"uv":[0,10,1,11],"texture":"#item"},"up":{"uv":[0,10,1,11],"texture":"#item"},"down":{"uv":[0,10,1,11],"texture":"#item"}}},{"from":[5.993,12.317,-12.356],"to":[6.323,12.647,-12.026],"faces":{"north":{"uv":[2,10,3,11],"texture":"#item"},"east":{"uv":[2,10,3,11],"texture":"#item"},"south":{"uv":[2,10,3,11],"texture":"#item"},"west":{"uv":[2,10,3,11],"texture":"#item"},"up":{"uv":[2,10,3,11],"texture":"#item"},"down":{"uv":[2,10,3,11],"texture":"#item"}}},{"from":[7.643000000000001,12.317,-12.356],"to":[7.973000000000001,12.647,-12.026],"faces":{"north":{"uv":[7,10,8,11],"texture":"#item"},"east":{"uv":[7,10,8,11],"texture":"#item"},"south":{"uv":[7,10,8,11],"texture":"#item"},"west":{"uv":[7,10,8,11],"texture":"#item"},"up":{"uv":[7,10,8,11],"texture":"#item"},"down":{"uv":[7,10,8,11],"texture":"#item"}}},{"from":[7.973000000000001,12.317,-12.356],"to":[8.303,12.647,-12.026],"faces":{"north":{"uv":[8,10,9,11],"texture":"#item"},"east":{"uv":[8,10,9,11],"texture":"#item"},"south":{"uv":[8,10,9,11],"texture":"#item"},"west":{"uv":[8,10,9,11],"texture":"#item"},"up":{"uv":[8,10,9,11],"texture":"#item"},"down":{"uv":[8,10,9,11],"texture":"#item"}}},{"from":[8.633000000000001,12.317,-12.356],"to":[8.963000000000001,12.647,-12.026],"faces":{"north":{"uv":[10,10,11,11],"texture":"#item"},"east":{"uv":[10,10,11,11],"texture":"#item"},"south":{"uv":[10,10,11,11],"texture":"#item"},"west":{"uv":[10,10,11,11],"texture":"#item"},"up":{"uv":[10,10,11,11],"texture":"#item"},"down":{"uv":[10,10,11,11],"texture":"#item"}}},{"from":[6.6530000000000005,11.987,-12.356],"to":[6.9830000000000005,12.317,-12.026],"faces":{"north":{"uv":[4,11,5,12],"texture":"#item"},"east":{"uv":[4,11,5,12],"texture":"#item"},"south":{"uv":[4,11,5,12],"texture":"#item"},"west":{"uv":[4,11,5,12],"texture":"#item"},"up":{"uv":[4,11,5,12],"texture":"#item"},"down":{"uv":[4,11,5,12],"texture":"#item"}}},{"from":[7.313000000000001,11.987,-12.356],"to":[7.643000000000001,12.317,-12.026],"faces":{"north":{"uv":[6,11,7,12],"texture":"#item"},"east":{"uv":[6,11,7,12],"texture":"#item"},"south":{"uv":[6,11,7,12],"texture":"#item"},"west":{"uv":[6,11,7,12],"texture":"#item"},"up":{"uv":[6,11,7,12],"texture":"#item"},"down":{"uv":[6,11,7,12],"texture":"#item"}}},{"from":[8.963000000000001,11.987,-12.356],"to":[9.293,12.317,-12.026],"faces":{"north":{"uv":[11,11,12,12],"texture":"#item"},"east":{"uv":[11,11,12,12],"texture":"#item"},"south":{"uv":[11,11,12,12],"texture":"#item"},"west":{"uv":[11,11,12,12],"texture":"#item"},"up":{"uv":[11,11,12,12],"texture":"#item"},"down":{"uv":[11,11,12,12],"texture":"#item"}}},{"from":[9.623000000000001,11.987,-12.356],"to":[9.953,12.317,-12.026],"faces":{"north":{"uv":[13,11,14,12],"texture":"#item"},"east":{"uv":[13,11,14,12],"texture":"#item"},"south":{"uv":[13,11,14,12],"texture":"#item"},"west":{"uv":[13,11,14,12],"texture":"#item"},"up":{"uv":[13,11,14,12],"texture":"#item"},"down":{"uv":[13,11,14,12],"texture":"#item"}}},{"from":[5.993,11.657,-12.356],"to":[6.323,11.987,-12.026],"faces":{"north":{"uv":[2,12,3,13],"texture":"#item"},"east":{"uv":[2,12,3,13],"texture":"#item"},"south":{"uv":[2,12,3,13],"texture":"#item"},"west":{"uv":[2,12,3,13],"texture":"#item"},"up":{"uv":[2,12,3,13],"texture":"#item"},"down":{"uv":[2,12,3,13],"texture":"#item"}}},{"from":[7.643000000000001,11.657,-12.356],"to":[7.973000000000001,11.987,-12.026],"faces":{"north":{"uv":[7,12,8,13],"texture":"#item"},"east":{"uv":[7,12,8,13],"texture":"#item"},"south":{"uv":[7,12,8,13],"texture":"#item"},"west":{"uv":[7,12,8,13],"texture":"#item"},"up":{"uv":[7,12,8,13],"texture":"#item"},"down":{"uv":[7,12,8,13],"texture":"#item"}}},{"from":[8.303,11.657,-12.356],"to":[8.633000000000001,11.987,-12.026],"faces":{"north":{"uv":[9,12,10,13],"texture":"#item"},"east":{"uv":[9,12,10,13],"texture":"#item"},"south":{"uv":[9,12,10,13],"texture":"#item"},"west":{"uv":[9,12,10,13],"texture":"#item"},"up":{"uv":[9,12,10,13],"texture":"#item"},"down":{"uv":[9,12,10,13],"texture":"#item"}}},{"from":[8.963000000000001,11.657,-12.356],"to":[9.293,11.987,-12.026],"faces":{"north":{"uv":[11,12,12,13],"texture":"#item"},"east":{"uv":[11,12,12,13],"texture":"#item"},"south":{"uv":[11,12,12,13],"texture":"#item"},"west":{"uv":[11,12,12,13],"texture":"#item"},"up":{"uv":[11,12,12,13],"texture":"#item"},"down":{"uv":[11,12,12,13],"texture":"#item"}}},{"from":[9.953,11.657,-12.356],"to":[10.283000000000001,11.987,-12.026],"faces":{"north":{"uv":[14,12,15,13],"texture":"#item"},"east":{"uv":[14,12,15,13],"texture":"#item"},"south":{"uv":[14,12,15,13],"texture":"#item"},"west":{"uv":[14,12,15,13],"texture":"#item"},"up":{"uv":[14,12,15,13],"texture":"#item"},"down":{"uv":[14,12,15,13],"texture":"#item"}}},{"from":[5.663,11.327,-12.356],"to":[5.993,11.657,-12.026],"faces":{"north":{"uv":[1,13,2,14],"texture":"#item"},"east":{"uv":[1,13,2,14],"texture":"#item"},"south":{"uv":[1,13,2,14],"texture":"#item"},"west":{"uv":[1,13,2,14],"texture":"#item"},"up":{"uv":[1,13,2,14],"texture":"#item"},"down":{"uv":[1,13,2,14],"texture":"#item"}}},{"from":[6.9830000000000005,11.327,-12.356],"to":[7.313000000000001,11.657,-12.026],"faces":{"north":{"uv":[5,13,6,14],"texture":"#item"},"east":{"uv":[5,13,6,14],"texture":"#item"},"south":{"uv":[5,13,6,14],"texture":"#item"},"west":{"uv":[5,13,6,14],"texture":"#item"},"up":{"uv":[5,13,6,14],"texture":"#item"},"down":{"uv":[5,13,6,14],"texture":"#item"}}},{"from":[8.303,11.327,-12.356],"to":[8.633000000000001,11.657,-12.026],"faces":{"north":{"uv":[9,13,10,14],"texture":"#item"},"east":{"uv":[9,13,10,14],"texture":"#item"},"south":{"uv":[9,13,10,14],"texture":"#item"},"west":{"uv":[9,13,10,14],"texture":"#item"},"up":{"uv":[9,13,10,14],"texture":"#item"},"down":{"uv":[9,13,10,14],"texture":"#item"}}},{"from":[7.643000000000001,10.997,-12.356],"to":[7.973000000000001,11.327,-12.026],"faces":{"north":{"uv":[7,14,8,15],"texture":"#item"},"east":{"uv":[7,14,8,15],"texture":"#item"},"south":{"uv":[7,14,8,15],"texture":"#item"},"west":{"uv":[7,14,8,15],"texture":"#item"},"up":{"uv":[7,14,8,15],"texture":"#item"},"down":{"uv":[7,14,8,15],"texture":"#item"}}},{"from":[8.963000000000001,10.997,-12.356],"to":[9.293,11.327,-12.026],"faces":{"north":{"uv":[11,14,12,15],"texture":"#item"},"east":{"uv":[11,14,12,15],"texture":"#item"},"south":{"uv":[11,14,12,15],"texture":"#item"},"west":{"uv":[11,14,12,15],"texture":"#item"},"up":{"uv":[11,14,12,15],"texture":"#item"},"down":{"uv":[11,14,12,15],"texture":"#item"}}},{"from":[9.623000000000001,10.997,-12.356],"to":[9.953,11.327,-12.026],"faces":{"north":{"uv":[13,14,14,15],"texture":"#item"},"east":{"uv":[13,14,14,15],"texture":"#item"},"south":{"uv":[13,14,14,15],"texture":"#item"},"west":{"uv":[13,14,14,15],"texture":"#item"},"up":{"uv":[13,14,14,15],"texture":"#item"},"down":{"uv":[13,14,14,15],"texture":"#item"}}},{"from":[6.6530000000000005,10.667,-12.356],"to":[6.9830000000000005,10.997,-12.026],"faces":{"north":{"uv":[4,15,5,16],"texture":"#item"},"east":{"uv":[4,15,5,16],"texture":"#item"},"south":{"uv":[4,15,5,16],"texture":"#item"},"west":{"uv":[4,15,5,16],"texture":"#item"},"up":{"uv":[4,15,5,16],"texture":"#item"},"down":{"uv":[4,15,5,16],"texture":"#item"}}},{"from":[8.303,10.667,-12.356],"to":[8.633000000000001,10.997,-12.026],"faces":{"north":{"uv":[9,15,10,16],"texture":"#item"},"east":{"uv":[9,15,10,16],"texture":"#item"},"south":{"uv":[9,15,10,16],"texture":"#item"},"west":{"uv":[9,15,10,16],"texture":"#item"},"up":{"uv":[9,15,10,16],"texture":"#item"},"down":{"uv":[9,15,10,16],"texture":"#item"}}}],"display":{"thirdperson_righthand":{"rotation":[75,45,0],"translation":[0,2.5,0],"scale":[0.375,0.375,0.375]},"thirdperson_lefthand":{"rotation":[75,45,0],"translation":[0,2.5,0],"scale":[0.375,0.375,0.375]},"firstperson_righthand":{"rotation":[0,45,0],"scale":[0.4,0.4,0.4]},"firstperson_lefthand":{"rotation":[0,225,0],"scale":[0.4,0.4,0.4]},"ground":{"translation":[0,3,0],"scale":[0.25,0.25,0.25]},"gui":{"rotation":[30,225,0],"scale":[0.625,0.625,0.625]},"head":{"translation":[0,4,0.5]},"fixed":{"scale":[0.5,0.5,0.5]}}}