{"textures":{"particle":"#main"},"elements":[{"from":[0,0,12],"to":[16,2,25],"faces":{"north":{"uv":[0,14,16,16],"texture":"#main"},"east":{"uv":[3,14,16,16],"texture":"#main"},"west":{"uv":[16,14,3,16],"texture":"#main"}}},{"from":[0,2,12],"to":[16,12,25],"faces":{"east":{"uv":[3,4,16,14],"texture":"#main"},"west":{"uv":[16,4,3,14],"texture":"#main"}}},{"from":[0,0,25],"to":[16,12,26],"faces":{"east":{"uv":[2,4,3,16],"texture":"#main"},"south":{"uv":[0,4,16,16],"texture":"#main"},"west":{"uv":[3,4,2,16],"texture":"#main"},"up":{"uv":[0,13,16,14],"texture":"#main"}}},{"from":[0,4,11],"to":[16,10,12],"faces":{"east":{"uv":[0,6,1,12],"texture":"#main"},"west":{"uv":[1,6,0,12],"texture":"#main"}}},{"from":[0,2,11],"to":[16,4,12],"faces":{"north":{"uv":[0,12,16,14],"texture":"#main"},"east":{"uv":[0,12,1,14],"texture":"#main"},"west":{"uv":[1,12,0,14],"texture":"#main"},"down":{"uv":[0,16,16,15],"texture":"#main"}}},{"from":[0,4,10],"to":[16,6,11],"faces":{"north":{"uv":[0,10,16,12],"texture":"#main"},"east":{"uv":[1,10,2,12],"texture":"#main"},"west":{"uv":[2,10,1,12],"texture":"#main"},"down":{"uv":[0,15,16,14],"texture":"#main"}}},{"from":[0,6,10],"to":[16,10,11],"faces":{"east":{"uv":[1,6,2,10],"texture":"#main"},"west":{"uv":[2,6,1,10],"texture":"#main"}}},{"from":[0,6,8],"to":[16,8,10],"faces":{"north":{"uv":[0,8,16,10],"texture":"#main"},"east":{"uv":[2,8,4,10],"texture":"#main"},"west":{"uv":[4,8,2,10],"texture":"#main"},"down":{"uv":[0,14,16,12],"texture":"#main"}}},{"from":[0,8,8],"to":[16,10,10],"faces":{"east":{"uv":[2,6,4,8],"texture":"#main"},"west":{"uv":[4,6,2,8],"texture":"#main"}}},{"from":[0,9,5],"to":[16,10,8],"faces":{"east":{"uv":[4,6,7,7],"texture":"#main"},"west":{"uv":[7,6,4,7],"texture":"#main"}}},{"from":[0,8,5],"to":[16,9,8],"faces":{"north":{"uv":[0,7,16,8],"texture":"#main"},"east":{"uv":[4,7,7,8],"texture":"#main"},"west":{"uv":[7,7,4,8],"texture":"#main"},"down":{"uv":[0,12,16,9],"texture":"#main"}}},{"from":[0,9,3],"to":[16,10,5],"faces":{"north":{"uv":[0,6,16,7],"texture":"#main"},"east":{"uv":[7,6,9,7],"texture":"#main"},"west":{"uv":[9,6,7,7],"texture":"#main"},"down":{"uv":[0,9,16,7],"texture":"#main"}}},{"from":[0,16,-4],"to":[16,18,12],"faces":{"east":{"uv":[0,14,16,16],"texture":"#main"},"west":{"uv":[16,14,0,16],"texture":"#main"},"up":{"uv":[0,0,16,16],"texture":"#main"}}},{"from":[0,16,12],"to":[16,18,19],"faces":{"east":{"uv":[9,14,16,16],"texture":"#main"},"south":{"uv":[0,14,16,16],"texture":"#main"},"west":{"uv":[16,14,9,16],"texture":"#main"},"up":{"uv":[0,0,16,7],"texture":"#main"}}},{"from":[0,14,19],"to":[16,16,23],"faces":{"east":{"uv":[5,0,9,2],"texture":"#main"},"south":{"uv":[0,0,16,2],"texture":"#main"},"west":{"uv":[9,0,5,2],"texture":"#main"},"up":{"uv":[0,7,16,11],"texture":"#main"}}},{"from":[0,14,12],"to":[16,16,19],"faces":{"east":{"uv":[9,0,16,2],"texture":"#main"},"west":{"uv":[16,0,9,2],"texture":"#main"}}},{"from":[0,12,12],"to":[16,14,23],"faces":{"east":{"uv":[5,2,16,4],"texture":"#main"},"west":{"uv":[16,2,5,4],"texture":"#main"}}},{"from":[0,12,23],"to":[16,14,25],"faces":{"east":{"uv":[3,2,5,4],"texture":"#main"},"south":{"uv":[0,2,16,4],"texture":"#main"},"west":{"uv":[5,2,3,4],"texture":"#main"},"up":{"uv":[0,11,16,13],"texture":"#main"}}},{"from":[0,10,-4],"to":[16,16,3],"faces":{"east":{"uv":[9,0,16,6],"texture":"#main"},"west":{"uv":[16,0,9,6],"texture":"#main"},"down":{"uv":[0,7,16,0],"texture":"#main"}}},{"from":[0,10,3],"to":[16,16,12],"faces":{"east":{"uv":[0,0,9,6],"texture":"#main"},"west":{"uv":[9,0,0,6],"texture":"#main"}}},{"from":[0,10,-9],"to":[16,16,-4],"faces":{"east":{"uv":[0,0,5,6],"texture":"#main"},"west":{"uv":[5,0,0,6],"texture":"#main"},"down":{"uv":[0,16,16,11],"texture":"#main"}}},{"from":[0,10,-11],"to":[16,16,-9],"faces":{"north":{"uv":[0,0,16,6],"texture":"#main"},"east":{"uv":[5,0,7,6],"texture":"#main"},"west":{"uv":[7,0,5,6],"texture":"#main"},"up":{"uv":[0,9,16,11],"texture":"#main"},"down":{"uv":[0,11,16,9],"texture":"#main"}}},{"from":[0,16,-9],"to":[16,18,-4],"faces":{"north":{"uv":[0,14,16,16],"texture":"#main"},"east":{"uv":[0,14,5,16],"texture":"#main"},"west":{"uv":[5,14,0,16],"texture":"#main"},"up":{"uv":[0,11,16,16],"texture":"#main"}}},{"from":[7,0,-8],"to":[9,10,-6],"faces":{"north":{"uv":[0,0,2,10],"texture":"#spout"},"east":{"uv":[0,0,2,10],"texture":"#spout"},"south":{"uv":[0,0,2,10],"texture":"#spout"},"west":{"uv":[0,0,2,10],"texture":"#spout"}}},{"from":[6.5,-1,-8.5],"to":[9.5,0,-5.5],"faces":{"north":{"uv":[6,8,9,9],"texture":"#spigot"},"east":{"uv":[9,8,12,9],"texture":"#spigot"},"south":{"uv":[6,4,9,5],"texture":"#spigot"},"west":{"uv":[3,8,6,9],"texture":"#spigot"},"up":{"uv":[6,5,9,8],"texture":"#spigot"},"down":{"uv":[6,9,9,12],"texture":"#spigot"}}}],"display":{"thirdperson_righthand":{"translation":[0,-1.5,-3.5],"scale":[0.25,0.25,0.25]},"thirdperson_lefthand":{"translation":[0,-1.5,-3.5],"scale":[0.25,0.25,0.25]},"firstperson_righthand":{"translation":[-1.5,3,-1],"scale":[0.25,0.25,0.25]},"firstperson_lefthand":{"translation":[-1.5,3,-1],"scale":[0.25,0.25,0.25]},"ground":{"scale":[0.4,0.4,0.4]},"gui":{"rotation":[0,-90,0],"translation":[0,-2,1],"scale":[0.4,0.4,0.4]},"head":{"translation":[0,4,0.5]},"fixed":{"rotation":[0,90,0],"translation":[0,-2,1],"scale":[0.4,0.4,0.4]}}}