{"textures":{"dirt":"block/coarse_dirt","particle":"#belt"},"elements":[{"from":[13,0,2],"to":[15,8,15],"faces":{"north":{"uv":[1,8,3,16],"texture":"#main"},"east":{"uv":[1,8,14,16],"texture":"#main"},"south":{"uv":[13,8,15,16],"texture":"#main"},"west":{"uv":[14,8,1,16],"texture":"#main"}}},{"from":[1,0,2],"to":[3,8,15],"faces":{"north":{"uv":[13,8,15,16],"texture":"#main"},"east":{"uv":[1,8,14,16],"texture":"#main"},"south":{"uv":[1,8,3,16],"texture":"#main"},"west":{"uv":[14,8,1,16],"texture":"#main"}}},{"from":[1,8,1],"to":[15,9,15],"faces":{"north":{"uv":[1,7,15,8],"texture":"#belt"},"south":{"uv":[1,7,15,8],"texture":"#belt"},"down":{"uv":[1,15,15,1],"texture":"#belt"}}},{"from":[1,15,1],"to":[15,16,15],"faces":{"north":{"uv":[1,0,15,1],"texture":"#belt"},"south":{"uv":[1,0,15,1],"texture":"#belt"},"up":{"uv":[1,1,15,15],"texture":"#belt"}}},{"from":[15,16,0],"to":[16,17,16],"faces":{"north":{"uv":[0,15,1,16],"texture":"#main"},"east":{"uv":[0,15,16,16],"texture":"#main"},"south":{"uv":[15,15,16,16],"texture":"#main"},"west":{"uv":[16,15,0,16],"texture":"#main"},"up":{"uv":[15,0,16,16],"texture":"#main"}}},{"from":[0,8,1],"to":[1,15,15],"faces":{"west":{"uv":[15,1,1,8],"texture":"#main"}}},{"from":[0,9,15],"to":[1,15,16],"faces":{"south":{"uv":[0,1,1,7],"texture":"#main"},"west":{"uv":[1,1,0,7],"texture":"#main"}}},{"from":[0,7,15],"to":[1,9,16],"faces":{"east":{"uv":[1,8,2,10],"texture":"#main"},"south":{"uv":[0,7,1,9],"texture":"#main"},"west":{"uv":[1,7,0,9],"texture":"#main"},"down":{"uv":[13,3,14,2],"texture":"#main"}}},{"from":[0,7,0],"to":[1,9,1],"faces":{"north":{"uv":[15,7,16,9],"texture":"#main"},"east":{"uv":[1,8,2,10],"texture":"#main"},"west":{"uv":[16,7,15,9],"texture":"#main"},"down":{"uv":[13,3,14,2],"texture":"#main"}}},{"from":[0,7,1],"to":[1,8,2],"faces":{"east":{"uv":[1,8,2,9],"texture":"#main"},"west":{"uv":[15,8,14,9],"texture":"#main"},"down":{"uv":[13,3,14,2],"texture":"#main"}}},{"from":[0,15,15],"to":[1,16,16],"faces":{"east":{"uv":[1,8,2,9],"texture":"#main"},"south":{"uv":[0,0,1,1],"texture":"#main"},"west":{"uv":[1,0,0,1],"texture":"#main"}}},{"from":[0,15,0],"to":[1,16,1],"faces":{"north":{"uv":[15,0,16,1],"texture":"#main"},"east":{"uv":[1,8,2,9],"texture":"#main"},"west":{"uv":[16,0,15,1],"texture":"#main"}}},{"from":[0,9,0],"to":[1,15,1],"faces":{"north":{"uv":[15,1,16,7],"texture":"#main"},"west":{"uv":[16,1,15,7],"texture":"#main"}}},{"from":[0,15,1],"to":[1,16,15],"faces":{"west":{"uv":[15,0,1,1],"texture":"#main"}}},{"from":[0,7,2],"to":[1,8,15],"faces":{"west":{"uv":[14,8,1,9],"texture":"#main"},"down":{"uv":[0,13,1,26],"texture":"#main"}}},{"from":[15,7,2],"to":[16,8,15],"faces":{"east":{"uv":[1,8,14,9],"texture":"#main"},"down":{"uv":[0,13,1,26],"texture":"#main"}}},{"from":[15,7,1],"to":[16,8,2],"faces":{"east":{"uv":[14,8,15,9],"texture":"#main"},"west":{"uv":[0,0,1,1],"texture":"#main"},"down":{"uv":[0,1,1,2],"texture":"#main"}}},{"from":[15,7,0],"to":[16,9,1],"faces":{"north":{"uv":[0,7,1,9],"texture":"#main"},"east":{"uv":[15,7,16,9],"texture":"#main"},"west":{"uv":[0,0,1,2],"texture":"#main"},"down":{"uv":[0,1,1,2],"texture":"#main"}}},{"from":[15,9,0],"to":[16,15,1],"faces":{"north":{"uv":[0,1,1,7],"texture":"#main"},"east":{"uv":[15,1,16,7],"texture":"#main"}}},{"from":[15,8,1],"to":[16,15,15],"faces":{"east":{"uv":[1,1,15,8],"texture":"#main"}}},{"from":[15,15,1],"to":[16,16,15],"faces":{"east":{"uv":[1,0,15,1],"texture":"#main"},"up":{"uv":[0,0,1,14],"texture":"#main"}}},{"from":[15,15,0],"to":[16,16,1],"faces":{"north":{"uv":[0,0,1,1],"texture":"#main"},"east":{"uv":[15,0,16,1],"texture":"#main"},"west":{"uv":[0,0,1,1],"texture":"#main"},"up":{"uv":[0,0,1,1],"texture":"#main"}}},{"from":[15,15,15],"to":[16,16,16],"faces":{"east":{"uv":[0,0,1,1],"texture":"#main"},"south":{"uv":[15,0,16,1],"texture":"#main"},"west":{"uv":[0,0,1,1],"texture":"#main"},"up":{"uv":[0,0,1,1],"texture":"#main"}}},{"from":[15,9,15],"to":[16,15,16],"faces":{"east":{"uv":[0,1,1,7],"texture":"#main"},"south":{"uv":[15,1,16,7],"texture":"#main"}}},{"from":[15,7,15],"to":[16,9,16],"faces":{"east":{"uv":[0,7,1,9],"texture":"#main"},"south":{"uv":[15,7,16,9],"texture":"#main"},"west":{"uv":[0,0,1,2],"texture":"#main"},"down":{"uv":[0,1,1,2],"texture":"#main"}}},{"from":[0,16,0],"to":[1,17,16],"faces":{"north":{"uv":[15,15,16,16],"texture":"#main"},"east":{"uv":[0,15,16,16],"texture":"#main"},"south":{"uv":[0,15,1,16],"texture":"#main"},"west":{"uv":[16,15,0,16],"texture":"#main"},"up":{"uv":[0,0,1,16],"texture":"#main"}}},{"from":[1,9,15],"to":[15,15,16],"faces":{"south":{"uv":[1,1,15,7],"texture":"#belt"},"up":{"uv":[1,15,15,16],"texture":"#belt"},"down":{"uv":[1,16,15,15],"texture":"#belt"}}},{"from":[1,9,0],"to":[15,15,1],"faces":{"north":{"uv":[1,1,15,7],"texture":"#belt"},"up":{"uv":[1,0,15,1],"texture":"#belt"},"down":{"uv":[1,1,15,0],"texture":"#belt"}}},{"from":[0,0,0],"to":[16,0,16],"faces":{"north":{"uv":[0,0,16,0],"texture":"#dirt"},"east":{"uv":[0,0,16,0],"texture":"#dirt"},"south":{"uv":[0,0,16,0],"texture":"#dirt"},"west":{"uv":[0,0,16,0],"texture":"#dirt"},"up":{"uv":[0,0,16,16],"texture":"#dirt"},"down":{"uv":[0,0,16,16],"texture":"#dirt"}}}],"display":{"thirdperson_righthand":{"rotation":[0,180,0],"translation":[0,-1.5,-1.75],"scale":[0.3,0.3,0.3]},"thirdperson_lefthand":{"rotation":[0,180,0],"translation":[0,-1.5,-1.75],"scale":[0.3,0.3,0.3]},"firstperson_righthand":{"rotation":[0,180,0],"translation":[0.25,2,0],"scale":[0.3,0.3,0.3]},"firstperson_lefthand":{"rotation":[0,180,0],"translation":[0.25,2,0],"scale":[0.3,0.3,0.3]},"ground":{"scale":[0.4,0.4,0.4]},"gui":{"rotation":[0,-90,0],"translation":[0,0,2],"scale":[0.5,0.5,0.5]},"head":{"scale":[0,0,0]},"fixed":{"rotation":[0,90,0],"translation":[0,0,2],"scale":[0.5,0.5,0.5]}}}