{"textures":{"particle":"#main"},"elements":[{"from":[1,0,1],"to":[15,14,15],"faces":{"north":{"uv":[1,1,15,15],"texture":"#lamp"},"east":{"uv":[1,1,15,15],"texture":"#lamp"},"south":{"uv":[1,1,15,15],"texture":"#lamp"},"west":{"uv":[1,1,15,15],"texture":"#lamp"}}},{"from":[0,-16,0],"to":[16,0,16],"faces":{"north":{"uv":[0,0,16,16],"texture":"#main"},"east":{"uv":[0,0,16,16],"texture":"#main"},"south":{"uv":[0,0,16,16],"texture":"#main"},"west":{"uv":[0,0,16,16],"texture":"#main"},"up":{"uv":[0,0,16,16],"texture":"#main"},"down":{"uv":[0,0,16,16],"texture":"#main"}}},{"from":[0,16,0],"to":[16,19,16],"faces":{"north":{"uv":[0,13,16,16],"texture":"#main"},"east":{"uv":[0,13,16,16],"texture":"#main"},"south":{"uv":[0,13,16,16],"texture":"#main"},"west":{"uv":[0,13,16,16],"texture":"#main"},"up":{"uv":[0,0,16,16],"texture":"#main"}}},{"from":[0,14,0],"to":[16,16,16],"faces":{"north":{"uv":[0,0,16,2],"texture":"#main"},"east":{"uv":[0,0,16,2],"texture":"#main"},"south":{"uv":[0,0,16,2],"texture":"#main"},"west":{"uv":[0,0,16,2],"texture":"#main"},"down":{"uv":[0,0,16,16],"texture":"#main"}}},{"from":[15,0,15],"to":[16,14,16],"faces":{"north":{"uv":[0,0,1,14],"texture":"#main"},"east":{"uv":[0,2,1,16],"texture":"#main"},"south":{"uv":[15,2,16,16],"texture":"#main"},"west":{"uv":[0,0,1,14],"texture":"#main"}}},{"from":[15,0,0],"to":[16,14,1],"faces":{"north":{"uv":[0,2,1,16],"texture":"#main"},"east":{"uv":[15,2,16,16],"texture":"#main"},"south":{"uv":[0,0,1,14],"texture":"#main"},"west":{"uv":[0,0,1,14],"texture":"#main"}}},{"from":[0,0,0],"to":[1,14,1],"faces":{"north":{"uv":[15,2,16,16],"texture":"#main"},"east":{"uv":[0,0,1,14],"texture":"#main"},"south":{"uv":[0,0,1,14],"texture":"#main"},"west":{"uv":[0,2,1,16],"texture":"#main"}}},{"from":[0,0,15],"to":[1,14,16],"faces":{"north":{"uv":[0,0,1,14],"texture":"#main"},"east":{"uv":[0,0,1,14],"texture":"#main"},"south":{"uv":[0,2,1,16],"texture":"#main"},"west":{"uv":[15,2,16,16],"texture":"#main"}}}],"display":{"thirdperson_righthand":{"translation":[0,-1.5,-3.5],"scale":[0.25,0.25,0.25]},"thirdperson_lefthand":{"translation":[0,-1.5,-3.5],"scale":[0.25,0.25,0.25]},"firstperson_righthand":{"translation":[-1.5,2,-1],"scale":[0.25,0.25,0.25]},"firstperson_lefthand":{"translation":[-1.5,2,-1],"scale":[0.25,0.25,0.25]},"ground":{"translation":[0,0,-5],"scale":[0.4,0.4,0.4]},"gui":{"rotation":[0,-91,0],"translation":[3,-3.5,1.5],"scale":[0.4,0.4,0.4]},"head":{"translation":[0,4,2.5]},"fixed":{"rotation":[0,90,0],"translation":[-3,-3.5,1.5],"scale":[0.4,0.4,0.4]}}}