{"textures":{"particle":"#main"},"elements":[{"from":[1,0,1],"to":[15,10,15],"faces":{"north":{"uv":[0,0,14,10],"texture":"#main"},"east":{"uv":[0,0,14,10],"texture":"#main"},"south":{"uv":[0,0,14,10],"texture":"#main"},"west":{"uv":[0,0,14,10],"texture":"#main"},"up":{"uv":[0,0,14,14],"texture":"#main"},"down":{"uv":[0,0,14,14],"texture":"#main"}}},{"from":[5.5,9,5.5],"to":[10.5,14,10.5],"faces":{"north":{"uv":[0,0,16,16],"texture":"#glass"},"east":{"uv":[0,0,16,16],"texture":"#glass"},"south":{"uv":[0,0,16,16],"texture":"#glass"},"west":{"uv":[0,0,16,16],"texture":"#glass"},"up":{"uv":[0,0,16,16],"texture":"#glass"},"down":{"uv":[0,0,16,16],"texture":"#glass"}}}],"display":{"thirdperson_righthand":{"rotation":[0,180,0],"translation":[0,-1.5,-1.75],"scale":[0.3,0.3,0.3]},"thirdperson_lefthand":{"rotation":[0,180,0],"translation":[0,-1.5,-1.75],"scale":[0.3,0.3,0.3]},"firstperson_righthand":{"rotation":[0,180,0],"translation":[0.25,2,0],"scale":[0.3,0.3,0.3]},"firstperson_lefthand":{"rotation":[0,180,0],"translation":[0.25,2,0],"scale":[0.3,0.3,0.3]},"ground":{"scale":[0.4,0.4,0.4]},"gui":{"rotation":[0,-90,0],"translation":[0,0,2],"scale":[0.5,0.5,0.5]},"head":{"scale":[0,0,0]},"fixed":{"rotation":[0,90,0],"translation":[0,0,2],"scale":[0.5,0.5,0.5]}}}