{"textures":{"particle":"#main"},"elements":[{"from":[0,0,0],"to":[16,3,16],"faces":{"north":{"uv":[0,13,16,16],"texture":"#main"},"east":{"uv":[0,13,16,16],"texture":"#main"},"south":{"uv":[0,13,16,16],"texture":"#main"},"west":{"uv":[0,13,16,16],"texture":"#main"},"up":{"uv":[0,0,16,16],"texture":"#main"},"down":{"uv":[0,0,16,16],"texture":"#main"}}},{"from":[14,3,2],"to":[16,16,14],"faces":{"east":{"uv":[2,0,14,13],"texture":"#main"},"west":{"uv":[14,0,2,13],"texture":"#main"},"up":{"uv":[14,2,16,14],"texture":"#main"}}},{"from":[2,3,0],"to":[14,16,2],"faces":{"north":{"uv":[2,0,14,13],"texture":"#main"},"south":{"uv":[2,0,14,13],"texture":"#main"},"up":{"uv":[2,0,14,2],"texture":"#main"}}},{"from":[0,3,0],"to":[2,16,2],"faces":{"north":{"uv":[14,0,16,13],"texture":"#main"},"west":{"uv":[0,0,2,13],"texture":"#main"},"up":{"uv":[0,0,2,2],"texture":"#main"}}},{"from":[14,3,0],"to":[16,16,2],"faces":{"north":{"uv":[0,0,2,13],"texture":"#main"},"east":{"uv":[14,0,16,13],"texture":"#main"},"up":{"uv":[14,0,16,2],"texture":"#main"}}},{"from":[14,3,14],"to":[16,16,16],"faces":{"east":{"uv":[0,0,2,13],"texture":"#main"},"south":{"uv":[14,0,16,13],"texture":"#main"},"up":{"uv":[14,14,16,16],"texture":"#main"},"down":{"uv":[0,0,2,2],"texture":"#main"}}},{"from":[0,3,14],"to":[2,16,16],"faces":{"south":{"uv":[0,0,2,13],"texture":"#main"},"west":{"uv":[14,0,16,13],"texture":"#main"},"up":{"uv":[0,14,2,16],"texture":"#main"},"down":{"uv":[0,0,2,2],"texture":"#main"}}},{"from":[2,3,14],"to":[14,16,16],"faces":{"north":{"uv":[2,0,14,13],"texture":"#main"},"south":{"uv":[2,0,14,13],"texture":"#main"},"up":{"uv":[2,14,14,16],"texture":"#main"}}},{"from":[0,3,2],"to":[2,16,14],"faces":{"east":{"uv":[2,0,14,13],"texture":"#main"},"west":{"uv":[2,0,14,13],"texture":"#main"},"up":{"uv":[0,2,2,14],"texture":"#main"}}}],"display":{"thirdperson_righthand":{"rotation":[0,180,0],"translation":[0,-1.5,-1.75],"scale":[0.3,0.3,0.3]},"thirdperson_lefthand":{"rotation":[0,180,0],"translation":[0,-1.5,-1.75],"scale":[0.3,0.3,0.3]},"firstperson_righthand":{"rotation":[0,180,0],"translation":[0.25,2,0],"scale":[0.3,0.3,0.3]},"firstperson_lefthand":{"rotation":[0,180,0],"translation":[0.25,2,0],"scale":[0.3,0.3,0.3]},"ground":{"scale":[0.4,0.4,0.4]},"gui":{"rotation":[0,-90,0],"translation":[0,0,2],"scale":[0.5,0.5,0.5]},"head":{"scale":[0,0,0]},"fixed":{"rotation":[0,90,0],"translation":[0,0,2],"scale":[0.5,0.5,0.5]}}}