{"textures":{"dirt":"block/coarse_dirt","particle":"#main"},"elements":[{"from":[0,13,0],"to":[16,16,11],"faces":{"north":{"uv":[0,0,16,3],"texture":"#base"},"east":{"uv":[5,0,16,3],"texture":"#base"},"west":{"uv":[16,0,5,3],"texture":"#base"},"up":{"uv":[0,16,16,5],"texture":"#base"}}},{"from":[0,10,0],"to":[16,13,11],"faces":{"north":{"uv":[0,13,16,16],"texture":"#base"},"east":{"uv":[5,13,16,16],"texture":"#base"},"west":{"uv":[16,13,5,16],"texture":"#base"},"down":{"uv":[0,5,16,16],"texture":"#base"}}},{"from":[0,16,12],"to":[16,32,26],"faces":{"north":{"uv":[0,0,16,16],"texture":"#main"},"east":{"uv":[2,0,16,16],"texture":"#main"},"west":{"uv":[16,0,2,16],"texture":"#main"}}},{"from":[0,16,26],"to":[16,32,27],"faces":{"east":{"uv":[1,0,2,16],"texture":"#main"},"south":{"uv":[0,0,16,16],"texture":"#main"},"west":{"uv":[2,0,1,16],"texture":"#main"},"up":{"uv":[0,15,16,16],"texture":"#main"}}},{"from":[16,0,11],"to":[17,16,26],"faces":{"north":{"uv":[0,0,1,16],"texture":"#base"},"east":{"uv":[1,0,16,16],"texture":"#base"},"up":{"uv":[16,1,15,16],"texture":"#base"},"down":{"uv":[0,1,1,16],"texture":"#base"}}},{"from":[16,0,26],"to":[17,16,27],"faces":{"east":{"uv":[14,0,15,16],"texture":"#base"},"up":{"uv":[16,1,15,2],"texture":"#base"},"down":{"uv":[0,1,1,2],"texture":"#base"}}},{"from":[16,0,27],"to":[17,16,28],"faces":{"east":{"uv":[0,0,1,16],"texture":"#base"},"south":{"uv":[0,0,1,16],"texture":"#base"},"up":{"uv":[16,1,15,2],"texture":"#base"},"down":{"uv":[0,1,1,2],"texture":"#base"}}},{"from":[-1,0,11],"to":[0,16,26],"faces":{"north":{"uv":[15,0,16,16],"texture":"#base"},"west":{"uv":[16,0,1,16],"texture":"#base"},"up":{"uv":[1,1,0,16],"texture":"#base"},"down":{"uv":[15,1,16,16],"texture":"#base"}}},{"from":[-1,0,26],"to":[0,16,27],"faces":{"west":{"uv":[15,0,14,16],"texture":"#base"},"up":{"uv":[1,1,0,2],"texture":"#base"},"down":{"uv":[15,1,16,2],"texture":"#base"}}},{"from":[-1,0,27],"to":[0,16,28],"faces":{"south":{"uv":[1,0,0,16],"texture":"#base"},"west":{"uv":[1,0,0,16],"texture":"#base"},"up":{"uv":[1,1,0,2],"texture":"#base"},"down":{"uv":[15,1,16,2],"texture":"#base"}}},{"from":[0,0,12],"to":[16,16,27],"faces":{"down":{"uv":[0,1,16,16],"texture":"#base"}}},{"from":[0,0,11],"to":[16,16,12],"faces":{"north":{"uv":[0,0,16,16],"texture":"#base"},"up":{"uv":[0,1,16,0],"texture":"#base"},"down":{"uv":[0,0,16,1],"texture":"#base"}}},{"from":[0,0,27],"to":[16,16,28],"faces":{"up":{"uv":[0,14,16,15],"texture":"#base"},"down":{"uv":[0,0,16,1],"texture":"#base"}}},{"from":[0,0,28],"to":[16,16,29],"faces":{"east":{"uv":[0,0,1,16],"texture":"#base"},"south":{"uv":[16,0,0,16],"texture":"#base"},"west":{"uv":[15,0,16,16],"texture":"#base"},"up":{"uv":[0,15,16,16],"texture":"#base"},"down":{"uv":[0,15,16,16],"texture":"#base"}}},{"from":[0,0,0],"to":[16,0,16],"faces":{"up":{"uv":[0,0,16,16],"texture":"#dirt"}}},{"from":[0,0,16],"to":[16,0,32],"faces":{"up":{"uv":[0,0,16,16],"texture":"#dirt"}}}],"display":{"thirdperson_righthand":{"translation":[0,-1.5,-3.5],"scale":[0.25,0.25,0.25]},"thirdperson_lefthand":{"translation":[0,-1.5,-3.5],"scale":[0.25,0.25,0.25]},"firstperson_righthand":{"translation":[-1.5,2,-1],"scale":[0.25,0.25,0.25]},"firstperson_lefthand":{"translation":[-1.5,2,-1],"scale":[0.25,0.25,0.25]},"ground":{"translation":[0,0,-5],"scale":[0.4,0.4,0.4]},"gui":{"rotation":[0,-91,0],"translation":[3,-3.5,1.5],"scale":[0.4,0.4,0.4]},"head":{"translation":[0,4,2.5]},"fixed":{"rotation":[0,90,0],"translation":[-3,-3.5,1.5],"scale":[0.4,0.4,0.4]}}}