{"parent":"minecraft:item/generated","textures":{"layer0":"minecraft:item/cookie"},"overrides":[{"predicate":{"custom_model_data":1},"model":"cft:item/dropper/m_and_m"},{"predicate":{"custom_model_data":2},"model":"cft:item/dropper/sour_patch_kids"},{"predicate":{"custom_model_data":3},"model":"cft:item/dropper/candy_banana"},{"predicate":{"custom_model_data":4},"model":"cft:item/dropper/chocolate_egg"},{"predicate":{"custom_model_data":5},"model":"cft:item/dropper/mint"},{"predicate":{"custom_model_data":6},"model":"cft:item/dropper/warhead"},{"predicate":{"custom_model_data":7},"model":"cft:item/dropper/gobstopper"},{"predicate":{"custom_model_data":8},"model":"cft:item/dropper/sour_ball"},{"predicate":{"custom_model_data":9},"model":"cft:item/dropper/gumdrop"},{"predicate":{"custom_model_data":10},"model":"cft:item/dropper/chocolate_ball"},{"predicate":{"custom_model_data":11},"model":"cft:item/dropper/candy_corn"},{"predicate":{"custom_model_data":12},"model":"cft:item/dropper/cookie"},{"predicate":{"custom_model_data":13},"model":"cft:item/dropper/twix"},{"predicate":{"custom_model_data":14},"model":"cft:item/dropper/candy_cane"},{"predicate":{"custom_model_data":15},"model":"cft:item/dropper/swedish_fish"},{"predicate":{"custom_model_data":16},"model":"cft:item/dropper/kit_kat"},{"predicate":{"custom_model_data":17},"model":"cft:item/dropper/cookie_dough"},{"predicate":{"custom_model_data":18},"model":"cft:item/dropper/gumball"},{"predicate":{"custom_model_data":19},"model":"cft:item/dropper/nerds"},{"predicate":{"custom_model_data":20},"model":"cft:item/dropper/candy_orange"},{"predicate":{"custom_model_data":21},"model":"cft:item/dropper/tootsie_roll"}]}