{"parent":"minecraft:block/glass","textures":{"layer0":"minecraft:block/glass"},"overrides":[{"predicate":{"custom_model_data":1},"model":"cft:item/dropper-packaged/m_and_m"},{"predicate":{"custom_model_data":2},"model":"cft:item/dropper-packaged/sour_patch_kids"},{"predicate":{"custom_model_data":3},"model":"cft:item/dropper-packaged/candy_banana"},{"predicate":{"custom_model_data":4},"model":"cft:item/dropper-packaged/chocolate_egg"},{"predicate":{"custom_model_data":5},"model":"cft:item/dropper-packaged/mint"},{"predicate":{"custom_model_data":6},"model":"cft:item/dropper-packaged/warhead"},{"predicate":{"custom_model_data":7},"model":"cft:item/dropper-packaged/gobstopper"},{"predicate":{"custom_model_data":8},"model":"cft:item/dropper-packaged/sour_ball"},{"predicate":{"custom_model_data":9},"model":"cft:item/dropper-packaged/gumdrop"},{"predicate":{"custom_model_data":10},"model":"cft:item/dropper-packaged/chocolate_ball"},{"predicate":{"custom_model_data":11},"model":"cft:item/dropper-packaged/candy_corn"},{"predicate":{"custom_model_data":12},"model":"cft:item/dropper-packaged/cookie"},{"predicate":{"custom_model_data":13},"model":"cft:item/dropper-packaged/twix"},{"predicate":{"custom_model_data":14},"model":"cft:item/dropper-packaged/candy_cane"},{"predicate":{"custom_model_data":15},"model":"cft:item/dropper-packaged/swedish_fish"},{"predicate":{"custom_model_data":16},"model":"cft:item/dropper-packaged/kit_kat"},{"predicate":{"custom_model_data":17},"model":"cft:item/dropper-packaged/cookie_dough"},{"predicate":{"custom_model_data":18},"model":"cft:item/dropper-packaged/gumball"},{"predicate":{"custom_model_data":19},"model":"cft:item/dropper-packaged/nerds"},{"predicate":{"custom_model_data":20},"model":"cft:item/dropper-packaged/candy_orange"},{"predicate":{"custom_model_data":21},"model":"cft:item/dropper-packaged/tootsie_roll"}]}